,System Pressure,,"Pump Pressure, ",,Reactor Temperature
Time(hr),PT1 (PSIA),PT2(PSIA),MX03 (PSI),MX04 (PSI,R10 (degC)
0.81,13.43439,65.71828,89,38,121.62294
0.81028,13.42823,65.72595,89,38,121.63251
0.81055,13.45297,65.73547,89,38,121.58091
0.81083,13.4892,65.73883,89,38,121.42106
0.81111,13.53155,65.75334,89,38,121.43568
0.81139,13.57733,65.76015,89,38,121.20134
0.81167,13.60376,65.77155,89,38,121.17031
0.81194,13.58386,65.77885,95,38,121.07145
0.81222,13.55036,65.7831,95,53,121.0859
0.8125,13.50297,65.78313,95,53,120.96262
0.81278,13.46212,65.78223,95,53,121.0023
0.81305,13.42662,65.76917,95,53,120.78703
0.81333,13.44634,65.75517,95,53,120.76908
0.81361,13.49488,65.73683,95,53,120.74028
0.81389,13.52311,65.72327,95,53,120.74901
0.81417,13.59842,65.72707,81,53,120.74236
0.81444,13.61991,65.73568,81,51,120.62776
0.81472,13.59848,65.75092,81,51,120.62122
0.815,13.63722,65.75265,81,51,120.60915
0.81528,13.62711,65.76183,81,51,120.60557
0.81555,13.63895,65.76572,81,51,120.59674
0.81583,13.63418,65.76882,81,51,120.57822
0.81611,13.69158,65.77125,81,51,120.56274
0.81639,13.90251,65.72691,93,51,120.53262
0.81667,13.91379,65.74585,93,54,120.50514
0.81694,13.63356,65.79681,93,54,120.47872
0.81722,13.32974,65.79042,93,54,120.44145
0.8175,13.07284,65.80186,93,54,120.40318
0.81778,13.10889,65.74619,93,54,120.36223
0.81805,13.44914,65.67416,93,54,120.31448
0.81833,13.99244,65.64828,93,54,120.26801
0.81861,13.8453,65.70705,83,54,120.2207
0.81889,13.39166,65.80891,83,56,120.00893
0.81917,12.94327,65.87399,83,56,119.90531
0.81944,12.38522,65.9624,83,56,120.0743
0.81972,12.42651,65.94794,83,56,120.12541
0.82,12.69155,65.90067,83,56,120.23924
0.82028,13.05893,65.85185,83,56,120.39707
0.82055,13.3109,65.80542,83,56,120.40578
0.82083,13.48024,65.78409,99,56,120.5683
0.82111,13.5428,65.78313,99,55,120.69004
0.82139,13.56518,65.79356,99,55,120.84202
0.82167,13.58106,65.79766,99,55,120.95632
0.82194,13.58056,65.80146,99,55,121.03569
0.82222,13.55424,65.81857,99,55,121.15188
0.8225,13.52079,65.82825,99,55,121.2156
0.82278,13.48018,65.84087,99,55,121.35166
0.82305,13.44206,65.85574,103,55,121.4031
0.82333,13.41414,65.86294,103,56,121.44731
0.82361,13.4594,65.86674,103,56,121.51325
0.82389,13.50401,65.86674,103,56,121.51864
0.82417,13.57212,65.86672,103,56,121.49451
0.82444,13.64659,65.85914,103,56,121.45499
0.82472,13.65404,65.85343,103,56,121.40765
0.825,13.61818,65.84769,103,56,121.42576
0.82528,13.53493,65.84695,96,56,121.44421
0.82555,13.46346,65.84771,96,57,121.5204
0.82583,13.39844,65.85147,96,57,121.43221
0.82611,13.36742,65.86251,96,57,121.33726
0.82639,13.40706,65.86636,96,57,121.34578
0.82667,13.4573,65.87333,96,57,121.18684
0.82694,13.51423,65.87337,96,57,121.24229
0.82722,13.58947,65.86623,96,57,121.17042
0.8275,13.61764,65.86242,92,57,121.15745
0.82778,13.61296,65.8592,92,60,121.11351
0.82805,13.56869,65.86533,92,60,121.0416
0.82833,13.49981,65.87251,92,60,121.0695
0.82861,13.45403,65.89107,92,60,121.01408
0.82889,13.4277,65.91302,92,60,120.9678
0.82917,13.39801,65.9312,92,60,121.00529
0.82944,13.42125,65.94072,92,60,120.91039
0.82972,13.46622,65.95927,93,60,120.79433
0.83,13.51862,65.97031,93,57,120.7358
0.83028,13.5771,65.96653,93,57,120.70687
0.83055,13.59583,65.9703,93,57,120.70082
0.83083,13.59091,65.95895,93,57,120.68843
0.83111,13.46118,65.94752,93,57,120.67848
0.83139,13.16966,65.94031,93,57,120.65819
0.83167,13.21193,65.97581,93,57,120.63737
0.83194,13.18785,65.98402,95,57,120.61947
0.83222,13.37456,65.99654,95,33,120.29655
0.8325,13.66538,66.02239,95,33,120.29343
0.83278,13.65125,66.00013,95,33,120.2852
0.83305,13.68649,66.00341,95,33,120.2812
0.83333,13.44337,65.97227,95,33,120.27063
0.83361,13.35495,65.95346,95,33,120.26481
0.83389,13.3255,65.93871,95,33,120.24489
0.83417,13.26528,65.92006,95,33,120.24198
0.83444,13.35301,65.93098,95,60,120.22207
0.83472,13.41534,65.93871,95,60,120.29824
0.835,13.38459,65.9463,95,60,120.29546
0.83528,13.40033,65.95806,95,60,120.29283
0.83555,13.51796,65.99075,95,60,120.28693
0.83583,13.60523,66.02411,95,60,120.2843
0.83611,13.65072,66.03925,95,60,120.27975
0.83639,13.48364,66.01463,95,60,120.27372
0.83667,13.35765,66.00437,95,53,120.26958
0.83694,13.28358,65.99004,95,53,120.26414
0.83722,13.22764,65.98058,95,53,120.25796
0.8375,13.39658,66.01327,95,53,120.25552
0.83778,13.40653,66.01465,95,53,120.26749
0.83805,13.40337,66.01077,95,53,120.26341
0.83833,13.425,66.01079,95,53,120.269
0.83861,13.47671,66.01083,94,53,120.26937
0.83889,13.53071,66.01686,94,56,120.27058
0.83917,13.58407,66.03355,94,56,120.41931
0.83944,13.6113,66.04594,94,56,120.41316
0.83972,13.60533,66.06438,94,56,120.45132
0.84,13.56467,66.07472,94,56,120.44646
0.84028,13.49516,66.05959,94,56,120.44187
0.84055,13.44076,66.06046,94,56,120.43868
0.84083,13.39234,66.04242,98,56,120.43164
0.84111,13.40865,66.03392,98,52,120.42709
0.84139,13.45585,66.0397,98,52,120.42078
0.84167,13.51097,66.03548,98,52,120.42043
0.84194,13.57278,66.03999,98,52,120.41412
0.84222,13.62086,66.04672,98,52,120.41023
0.8425,13.63506,66.05052,98,52,120.40126
0.84278,13.91484,66.0707,98,52,120.38532
0.84305,13.85195,66.11992,91,52,120.36516
0.84333,14.00217,66.12591,91,56,120.34666
0.84361,13.83982,66.17062,91,56,120.10671
0.84389,13.50889,66.1801,91,56,120.13192
0.84417,13.23742,66.16783,91,56,120.12624
0.84444,12.79126,66.16979,91,56,120.12283
0.84472,12.8972,66.09092,91,56,120.11537
0.845,13.17583,66.04456,91,56,120.10313
0.84528,13.5446,66.05382,87,56,120.09288
0.84555,13.7767,66.09361,87,55,120.09337
0.84583,13.84741,66.14781,87,55,120.20632
0.84611,13.6096,66.19604,87,55,120.39401
0.84639,13.39398,66.19114,87,55,120.41129
0.84667,13.37946,66.17091,87,55,120.6368
0.84694,13.3637,66.15738,87,55,120.79656
0.84722,13.3634,66.15364,87,55,120.98607
0.8475,13.3921,66.15074,96,55,121.20148
0.84778,13.47833,66.13617,96,55,121.40812
0.84805,13.55484,66.12833,96,55,121.36353
0.84833,13.62848,66.11601,96,55,121.52627
0.84861,13.67279,66.11355,96,55,121.65792
0.84889,13.61052,66.12788,96,55,121.6852
0.84917,13.54774,66.13947,96,55,121.88682
0.84944,13.46511,66.16116,96,55,121.94875
0.84972,13.3979,66.18368,98,55,121.95193
0.85,13.40614,66.19119,98,54,122.04039
0.85028,13.44127,66.20873,98,54,122.08405
0.85055,13.49564,66.2158,98,54,122.16195
0.85083,13.54345,66.21346,98,54,122.1889
0.85111,13.56869,66.21553,98,54,122.14748
0.85139,13.58948,66.21181,98,54,122.17655
0.85167,13.56912,66.20966,98,54,122.10391
0.85194,13.53565,66.21343,93,54,122.07774
0.85222,13.50586,66.2137,93,48,122.10457
0.8525,13.43832,66.22116,93,48,122.10382
0.85278,13.39532,66.22706,93,48,122.07438
0.85305,13.41171,66.23083,93,48,122.09837
0.85333,13.4312,66.23601,93,48,122.09789
0.85361,13.49177,66.23601,93,48,121.96721
0.85389,13.56648,66.23226,93,48,121.94225
0.85417,13.58746,66.23222,93,48,121.90532
0.85444,13.59673,66.22067,93,49,121.76947
0.85472,13.59773,66.22076,93,49,121.87682
0.855,13.54661,66.21294,93,49,121.83948
0.85528,13.51158,66.21332,93,49,121.74093
0.85555,13.45872,66.22211,93,49,121.65768
0.85583,13.41206,66.22702,93,49,121.68064
0.85611,13.43699,66.24194,93,49,121.57373
0.85639,13.46374,66.24191,99,49,121.42098
0.85667,13.53844,66.25107,99,48,121.40389
0.85694,13.59957,66.24728,99,48,121.34288
0.85722,13.61919,66.2435,99,48,121.20901
0.8575,13.606,66.2435,99,48,121.20766
0.85778,13.56314,66.23599,99,48,121.16533
0.85805,13.50061,66.23593,99,48,121.01353
0.85833,13.43304,66.23605,99,48,121.02985
0.85861,13.40925,66.23989,93,48,120.94104
0.85889,13.40161,66.23985,93,37,120.83639
0.85917,13.41922,66.23983,93,37,120.7155
0.85944,13.46516,66.23983,93,37,120.6946
0.85972,13.52552,66.23602,93,37,120.68806
0.86,13.55758,66.23604,93,37,120.67796
0.86028,13.58611,66.23608,93,37,120.67043
0.86055,13.58651,66.23612,93,37,120.6543
0.86083,13.46646,66.22488,89,37,120.63383
0.86111,13.1558,66.1758,89,42,120.61002
0.86139,12.90164,66.15327,89,42,120.5833
0.86167,12.81278,66.15642,89,42,120.54989
0.86194,12.84564,66.17902,89,42,120.52
0.86222,13.22969,66.26042,89,42,120.48589
0.8625,13.64342,66.30745,89,42,120.44871
0.86278,13.75016,66.30238,89,42,120.41128
0.86305,13.5817,66.26545,94,42,120.37221
0.86333,13.2943,66.20233,94,50,120.33556
0.86361,12.80167,66.13784,94,50,120.06868
0.86389,12.73052,66.14158,94,50,120.18971
0.86417,12.84274,66.15138,94,50,120.19603
0.86444,13.07517,66.19643,94,50,120.4064
0.86472,13.3441,66.23562,94,50,120.56045
0.865,13.36265,66.23592,94,50,120.5771
0.86528,13.38624,66.23819,92,50,120.78534
0.86555,13.45212,66.24446,92,49,120.92918
0.86583,13.51226,66.25503,92,49,121.04543
0.86611,13.58945,66.2699,92,49,121.17729
0.86639,13.63222,66.28807,92,49,121.22221
0.86667,13.63625,66.30035,92,49,121.30249
0.86694,13.59428,66.30792,92,49,121.33285
0.86722,13.50926,66.30856,92,49,121.41353
0.8675,13.42379,66.30396,93,49,121.40568
0.86778,13.34742,66.29765,93,55,121.41488
0.86805,13.3077,66.28233,93,55,121.50488
0.86833,13.31607,66.26985,93,55,121.51455
0.86861,13.37271,66.27634,93,55,121.52236
0.86889,13.46498,66.28644,93,55,121.59381
0.86917,13.53303,66.31516,93,55,121.54414
0.86944,13.60019,66.34818,93,55,121.54873
0.86972,13.5853,66.36652,94,55,121.54698
0.87,13.5092,66.38483,94,55,121.44136
0.87028,13.41156,66.39008,94,55,121.36782
0.87055,13.33612,66.39002,94,55,121.39854
0.87083,13.31166,66.39002,94,55,121.39408
0.87111,13.32085,66.38623,94,55,121.38985
0.87139,13.40543,66.38631,94,55,121.44785
0.87167,13.46863,66.38626,94,55,121.32842
0.87194,13.54008,66.404,95,55,121.3122
0.87222,13.58645,66.42238,95,53,121.24702
0.8725,13.59634,66.4407,95,53,121.18935
0.87278,13.59946,66.45912,95,53,121.04094
0.87305,13.54282,66.46517,95,53,121.03068
0.87333,13.48085,66.46519,95,53,120.94553
0.87361,13.43847,66.46511,95,53,120.82124
0.87389,13.39843,66.46891,95,53,120.82554
0.87417,13.40995,66.46208,94,53,120.78701
0.87444,13.44946,66.45631,94,59,120.78506
0.87472,13.50371,66.45732,94,59,120.675
0.875,13.5335,66.45544,94,59,120.75243
0.87528,13.58121,66.46801,94,59,120.70996
0.87555,13.6043,66.47923,94,59,120.70469
0.87583,13.58526,66.49997,94,59,120.69509
0.87611,13.54729,66.51723,94,59,120.68562
0.87639,13.48624,66.52861,96,59,120.6713
0.87667,13.21583,66.57376,96,57,120.64809
0.87694,13.04162,66.59872,96,57,120.62783
0.87722,13.19087,66.57509,96,57,120.60012
0.8775,13.16556,66.5819,96,57,120.56978
0.87778,13.56022,66.52291,96,57,120.53965
0.87805,13.76348,66.50363,96,57,120.49873
0.87833,13.42662,66.56619,96,57,120.45766
0.87861,13.3801,66.58614,93,57,120.42134
0.87889,13.42508,66.5965,93,49,120.29639
0.87917,13.50111,66.59744,93,49,120.10635
0.87944,13.79914,66.5512,93,49,120.11621
0.87972,13.79263,66.54153,93,49,120.11931
0.88,13.29082,66.61098,93,49,120.12736
0.88028,13.00609,66.64352,93,49,120.12439
0.88055,12.69629,66.70932,93,49,120.44231
0.88083,12.81218,66.70481,94,49,120.52305
0.88111,13.0982,66.67808,94,49,120.76984
0.88139,13.22406,66.66814,94,49,120.96043
0.88167,13.48682,66.62193,94,49,121.11538
0.88194,13.54309,66.6206,94,49,121.28566
0.88222,13.57733,66.62064,94,49,121.43272
0.8825,13.5922,66.62337,94,49,121.56818
0.88278,13.58369,66.62071,94,49,121.61363
0.88305,13.54925,66.62839,99,49,121.72697
0.88333,13.48196,66.63988,99,36,121.84365
0.88361,13.42326,66.65517,99,36,121.83604
0.88389,13.38811,66.67355,99,36,121.84666
0.88417,13.40624,66.68199,99,36,122.06191
0.88444,13.45365,66.68387,99,36,122.05198
0.88472,13.48875,66.67085,99,36,122.04234
0.885,13.5433,66.65208,99,36,122.18806
0.88528,13.5634,66.6333,103,36,122.11479
0.88555,13.53502,66.62061,103,47,122.07484
0.88583,13.5239,66.62067,103,47,122.20719
0.88611,13.46448,66.62791,103,47,122.15115
0.88639,13.4021,66.64092,103,47,122.01487
0.88667,13.41434,66.64745,103,47,122.02818
0.88694,13.42546,66.65624,103,47,121.93276
0.88722,13.48056,66.6678,103,47,121.83933
0.8875,13.5493,66.67168,104,47,121.98113
0.88778,13.58444,66.68585,104,55,121.93906
0.88805,13.58898,66.68956,104,55,121.84237
0.88833,13.55866,66.68956,104,55,121.88448
0.88861,13.50003,66.68951,104,55,121.7971
0.88889,13.44322,66.68947,104,55,121.75791
0.88917,13.41091,66.68953,104,55,121.75916
0.88944,13.38913,66.68951,104,55,121.62215
0.88972,13.40006,66.68954,90,55,121.59283
0.89,13.43232,66.69537,90,57,121.44025
0.89028,13.47121,66.70341,90,57,121.40066
0.89055,13.54899,66.71543,90,57,121.41368
0.89083,13.61348,66.72294,90,57,121.25791
0.89111,13.60792,66.71711,90,57,121.22459
0.89139,13.56437,66.70953,90,57,121.17474
0.89167,13.48997,66.69331,90,57,120.95467
0.89194,13.40903,66.67988,86,57,121.00369
0.89222,13.37384,66.67989,86,55,120.8783
0.8925,13.37766,66.67986,86,55,120.82864
0.89278,13.40836,66.68374,86,55,120.7957
0.89305,13.45583,66.69418,86,55,120.67786
0.89333,13.53069,66.70612,86,55,120.60793
0.89361,13.57946,66.71036,86,55,120.59465
0.89389,13.6001,66.7137,86,55,120.59374
0.89417,13.58964,66.71059,84,55,120.58964
0.89444,13.52026,66.70063,84,55,120.58266
0.89472,13.46258,66.6945,84,55,120.57936
0.895,13.29963,66.67818,84,55,120.56751
0.89528,13.00207,66.64401,84,55,120.54885
0.89555,13.08538,66.63513,84,55,120.53042
0.89583,13.38934,66.67188,84,55,120.50852
0.89611,13.61393,66.70903,84,55,120.26311
0.89639,13.91691,66.75236,88,55,120.2393
0.89667,13.73796,66.75167,88,55,120.2148
0.89694,13.27784,66.67668,88,55,120.18758
0.89722,13.13419,66.618,88,55,120.16451
0.8975,13.18876,66.58687,88,55,120.13367
0.89778,13.34031,66.59834,88,55,120.13782
0.89805,13.52751,66.65364,88,55,120.16404
0.89833,13.54082,66.68562,88,55,120.32493
0.89861,13.42839,66.72319,94,55,120.45432
0.89889,13.43832,66.74134,94,56,120.45058
0.89917,13.48148,66.74795,94,56,120.63194
0.89944,13.55796,66.7666,94,56,120.74705
0.89972,13.61926,66.77762,94,56,120.89292
0.9,13.6476,66.79207,94,56,120.93103
0.90028,13.60534,66.79973,94,56,121.1487
0.90055,13.55644,66.80036,94,56,121.20306
0.90083,13.4855,66.7947,87,56,121.15276
0.90111,13.43433,66.77988,87,49,121.29791
0.90139,13.41438,66.77111,87,49,121.29622
0.90167,13.40931,66.7581,87,49,121.20563
0.90194,13.46404,66.74313,87,49,121.39014
0.90222,13.49517,66.73555,87,49,121.3822
0.9025,13.56397,66.73174,87,49,121.3114
0.90278,13.59774,66.74323,87,49,121.44989
0.90305,13.59761,66.74996,95,49,121.29846
0.90333,13.56826,66.76559,95,54,121.32667
0.90361,13.49917,66.77554,95,54,121.40681
0.90389,13.44435,66.78464,95,54,121.32896
0.90417,13.39971,66.7967,95,54,121.44248
0.90444,13.37788,66.79478,95,54,121.32864
0.90472,13.39286,66.79052,95,54,121.22036
0.905,13.43501,66.77947,95,54,121.28755
0.90528,13.44148,66.77364,93,54,121.14064
0.90555,13.4611,66.77531,93,50,121.1348
0.90583,13.50118,66.77491,93,50,121.13612
0.90611,13.52906,66.77869,93,50,120.99406
0.90639,13.54534,66.78545,93,50,121.05503
0.90667,13.53697,66.78079,93,50,121.02576
0.90694,13.50159,66.78845,93,50,120.98052
0.90722,13.43466,66.79268,93,50,120.92239
0.9075,13.38951,66.80369,94,50,120.7784
0.90778,13.38729,66.81133,94,60,120.82173
0.90805,13.41288,66.81587,94,60,120.6803
0.90833,13.48093,66.8086,94,60,120.61379
0.90861,13.53766,66.79028,94,60,120.60856
0.90889,13.58279,66.78303,94,60,120.60262
0.90917,13.57783,66.77392,94,60,120.59749
0.90944,13.54731,66.79257,94,60,120.59347
0.90972,13.48416,66.81123,95,60,120.58437
0.91,13.37774,66.83642,95,54,120.57237
0.91028,13.04464,66.88602,95,54,120.5521
0.91055,12.96339,66.92207,95,54,120.52854
0.91083,13.12719,66.91816,95,54,120.50394
0.91111,13.43962,66.89061,95,54,120.47927
0.91139,13.82579,66.85259,95,54,120.45487
0.91167,13.7247,66.81244,95,54,120.42224
0.91194,13.36089,66.81114,95,54,120.39368
0.91222,12.72388,66.8541,95,53,120.36078
0.9125,12.36464,66.85816,95,53,120.01479
0.91278,12.25308,66.88438,95,53,120.01241
0.91305,12.60183,66.90913,95,53,120.01239
0.91333,12.91672,66.93704,95,53,120.07451
0.91361,13.21311,66.9657,95,53,120.27726
0.91389,13.53754,66.96276,95,53,120.35576
0.91417,13.55318,66.92959,97,53,120.46269
0.91444,13.58401,66.89148,97,58,120.54124
0.91472,13.59396,66.85748,97,58,120.58372
0.915,13.59426,66.84258,97,58,120.67059
0.91528,13.5485,66.84564,97,58,121.01613
0.91555,13.52287,66.85265,97,58,121.03957
0.91583,13.46528,66.87131,97,58,121.14695
0.91611,13.40013,66.88965,97,58,121.20702
0.91639,13.38861,66.90455,95,58,121.26461
0.91667,13.40659,66.91812,95,55,121.34255
0.91694,13.46878,66.91054,95,55,121.52107
0.91722,13.5412,66.90718,95,55,121.5969
0.9175,13.60682,66.89321,95,55,121.58137
0.91778,13.61039,66.87495,95,55,121.69473
0.91805,13.58668,66.8643,95,55,121.61194
0.91833,13.51323,66.84703,95,55,121.60329
0.91861,13.41314,66.8458,95,55,121.67523
0.91889,13.35278,66.84459,95,56,121.61945
0.91917,13.31445,66.84457,95,56,121.55351
0.91944,13.31549,66.84459,95,56,121.51042
0.91972,13.37149,66.84624,95,56,121.41863
0.92,13.43834,66.84575,95,56,121.40468
0.92028,13.50577,66.84577,95,56,121.5834
0.92055,13.56532,66.84959,95,56,121.53117
0.92083,13.61419,66.84009,95,56,121.51973
0.92111,13.60009,66.83584,95,55,121.52422
0.92139,13.5598,66.82671,95,55,121.39661
0.92167,13.52324,66.8195,95,55,121.41223
0.92194,13.45744,66.82179,95,55,121.36951
0.92222,13.4039,66.80613,95,55,121.23202
0.9225,13.39451,66.80381,95,55,121.2459
0.92278,13.3998,66.79618,95,55,121.22974
0.92305,13.44506,66.78909,99,55,121.20793
0.92333,13.51956,66.7967,99,56,121.10398
0.92361,13.55015,66.79291,99,56,121.03166
0.92389,13.59982,66.79134,99,56,120.95105
0.92417,13.59072,66.77931,99,56,120.90144
0.92444,13.54458,66.77166,99,56,120.91019
0.92472,13.50782,66.76784,99,56,120.9435
0.925,13.43585,66.76559,99,56,120.85618
0.92528,13.38882,66.76851,90,56,120.77761
0.92555,13.35914,66.7742,90,57,120.76695
0.92583,13.37795,66.78632,90,57,120.61565
0.92611,13.4533,66.81264,90,57,120.60893
0.92639,13.52733,66.84184,90,57,120.60299
0.92667,13.60774,66.86089,90,57,120.59546
0.92694,13.65969,66.87628,90,57,120.58391
0.92722,13.63838,66.87396,90,57,120.56958
0.9275,13.55513,66.86288,104,57,120.55405
0.92778,13.39671,66.85027,104,34,120.53407
0.92805,13.14005,66.80449,104,34,120.51133
0.92833,12.80998,66.74372,104,34,120.485
0.92861,12.72827,66.72465,104,34,120.44867
0.92889,12.90648,66.73234,104,34,120.40962
0.92917,13.34402,66.8001,104,34,120.36892
0.92944,13.691,66.85477,104,34,120.32991
0.92972,13.78396,66.85046,100,34,120.29122
0.93,13.80971,66.86106,100,72,119.88747
0.93028,13.85306,66.84969,100,72,119.88267
0.93055,13.95423,66.87453,100,72,119.87836
0.93083,13.77925,66.88077,100,72,119.89408
0.93111,13.41978,66.81985,100,72,120.1322
0.93139,13.12843,66.78437,100,72,120.24392
0.93167,12.88757,66.74008,100,72,120.42446
0.93194,13.07572,66.74355,86,72,120.58726
0.93222,13.37863,66.79071,86,21,120.78929
0.9325,13.46347,66.80941,86,21,120.9419
0.93278,13.49663,66.82043,86,21,121.01201
0.93305,13.52171,66.83797,86,21,121.22782
0.93333,13.51999,66.84181,86,21,121.29173
0.93361,13.51214,66.84183,86,21,121.34788
0.93389,13.53255,66.84184,86,21,121.51965
0.93417,13.53781,66.83416,90,21,121.55483
0.93444,13.56097,66.83413,90,49,121.75889
0.93472,13.57923,66.83034,90,49,121.97488
0.935,13.56485,66.82404,90,49,122.00108
0.93528,13.54623,66.82864,90,49,122.0547
0.93555,13.47091,66.81928,90,49,122.00156
0.93583,13.42169,66.80818,90,49,121.85741
0.93611,13.39143,66.79475,90,49,121.97666
0.93639,13.35893,66.78522,100,49,121.85427
0.93667,13.35854,66.77473,100,55,121.9167
0.93694,13.39926,66.771,100,55,121.95207
0.93722,13.43981,66.77973,100,55,121.9174
0.9375,13.4925,66.79306,100,55,121.91341
0.93778,13.56002,66.80853,100,55,121.95945
0.93805,13.55873,66.8271,100,55,121.83799
0.93833,13.55274,66.83856,100,55,121.77666
0.93861,13.53144,66.83859,85,55,121.80768
0.93889,13.49612,66.84189,85,59,121.7736
0.93917,13.4742,66.83692,85,59,121.81911
0.93944,13.43441,66.8278,85,59,121.83199
0.93972,13.41243,66.8095,85,59,121.77559
0.94,13.40174,66.79121,85,59,121.74327
0.94028,13.4217,66.77718,85,59,121.70718
0.94055,13.47484,66.76958,85,59,121.60722
0.94083,13.53784,66.77507,94,59,121.63589
0.94111,13.58147,66.7826,94,57,121.34734
0.94139,13.58368,66.79015,94,57,121.27733
0.94167,13.5562,66.79642,94,57,121.23961
0.94194,13.48799,66.79565,94,57,121.28992
0.94222,13.43895,66.78879,94,57,121.38731
0.9425,13.39156,66.77395,94,57,121.25369
0.94278,13.36117,66.75186,94,57,121.21517
0.94305,13.3666,66.72777,87,57,121.03495
0.94333,13.39957,66.70922,87,55,120.96517
0.94361,13.43792,66.69441,87,55,120.88805
0.94389,13.48839,66.69009,87,55,120.84709
0.94417,13.51764,66.68971,87,55,120.73973
0.94444,13.52379,66.68969,87,55,120.77142
0.94472,13.5062,66.68967,87,55,120.77566
0.945,13.4879,66.68201,87,55,120.62828
0.94528,13.44671,66.66673,94,55,120.63657
0.94555,13.41373,66.64877,94,54,120.63023
0.94583,13.39149,66.63005,94,54,120.62465
0.94611,13.36748,66.62277,94,54,120.61465
0.94639,13.33215,66.65667,94,54,120.5967
0.94667,13.2331,66.70042,94,54,120.57259
0.94694,13.46875,66.7041,94,54,120.54713
0.94722,13.80021,66.6693,94,54,120.51521
0.9475,13.70005,66.63203,95,54,120.48181
0.94778,13.77133,66.59554,95,54,120.45483
0.94805,13.57489,66.60496,95,54,120.21925
0.94833,13.2145,66.65358,95,54,120.2644
0.94861,13.3085,66.65167,95,54,120.27122
0.94889,13.34492,66.6395,95,54,120.2864
0.94917,13.33322,66.63944,95,54,120.28165
0.94944,13.31353,66.64992,95,54,120.27443
0.94972,13.49604,66.62875,95,54,120.264
0.95,13.55937,66.61216,95,70,120.27085
0.95028,13.60672,66.59541,95,70,120.37779
0.95055,13.6805,66.56799,95,70,120.45091
0.95083,13.56172,66.57856,95,70,120.51082
0.95111,13.48427,66.59699,95,70,120.59229
0.95139,13.41777,66.6057,95,70,120.62962
0.95167,13.3542,66.60947,95,70,120.71236
0.95194,13.32091,66.61705,90,70,120.72231
0.95222,13.32896,66.61714,90,54,120.80605
0.9525,13.38537,66.61708,90,54,120.76937
0.95278,13.43978,66.61327,90,54,120.88025
0.95305,13.49149,66.60951,90,54,120.92532
0.95333,13.54846,66.60879,90,54,120.87974
0.95361,13.56652,66.60886,90,54,120.93518
0.95389,13.57025,66.61266,90,54,120.91676
0.95417,13.53323,66.61268,93,54,120.90031
0.95444,13.4892,66.61326,93,60,120.90587
0.95472,13.42756,66.61352,93,60,120.9704
0.955,13.36553,66.61351,93,60,121.01548
0.95528,13.34575,66.61346,93,60,120.93909
0.95555,13.33426,66.6134,93,60,120.89302
0.95583,13.37644,66.61328,93,60,120.90477
0.95611,13.43283,66.61328,93,60,120.88062
0.95639,13.50516,66.60749,94,60,120.94811
0.95667,13.55745,66.59351,94,69,120.86163
0.95694,13.57647,66.57504,94,69,120.69131
0.95722,13.56047,66.55844,94,69,120.75969
0.9575,13.51022,66.55045,94,69,120.6674
0.95778,13.45596,66.55518,94,69,120.63979
0.95805,13.39091,66.57268,94,69,120.64835
0.95833,13.34304,66.58395,94,69,120.64441
0.95861,13.34263,66.57779,94,69,120.63532
0.95889,13.38597,66.56777,94,35,120.62109
0.95917,13.51699,66.56394,94,35,120.60392
0.95944,13.73362,66.5453,94,35,120.58925
0.95972,13.79653,66.54338,94,35,120.57161
0.96,13.80689,66.54333,94,35,120.55254
0.96028,13.75371,66.52514,94,35,120.53263
0.96055,13.75693,66.53535,94,35,120.50175
0.96083,13.94675,66.5013,95,35,120.4742
0.96111,13.98873,66.50087,95,56,120.45049
0.96139,13.79806,66.53998,95,56,120.45049
0.96167,13.54249,66.56477,95,56,120.36729
0.96194,13.27076,66.62688,95,56,120.11534
0.96222,13.417,66.62373,95,56,120.10752
0.9625,13.82998,66.57358,95,56,120.06838
0.96278,14.24689,66.50876,95,56,120.06433
0.96305,14.34144,66.48247,94,56,120.07195
0.96333,14.10895,66.48273,94,54,120.19069
0.96361,13.86158,66.50106,94,54,120.20862
0.96389,13.52122,66.53701,94,54,120.26317
0.96417,13.42325,66.5453,94,54,120.32275
0.96444,13.40295,66.55287,94,54,120.3193
0.96472,13.39388,66.55289,94,54,120.32295
0.965,13.42685,66.54529,94,54,120.4291
0.96528,13.45051,66.54147,94,54,120.42788
0.96555,13.51634,66.52632,94,56,120.6452
0.96583,13.55061,66.50762,94,56,120.7327
0.96611,13.55447,66.49151,94,56,120.87411
0.96639,13.54948,66.47701,94,56,120.89138
0.96667,13.48763,66.46403,94,56,120.75987
0.96694,13.44172,66.46403,94,56,120.70879
0.96722,13.39043,66.46606,94,56,120.6573
0.9675,13.36488,66.48097,95,56,120.69402
0.96778,13.37786,66.48827,95,54,120.74109
0.96805,13.40296,66.4981,95,54,120.76341
0.96833,13.45562,66.49886,95,54,120.76054
0.96861,13.50316,66.48132,95,54,120.79799
0.96889,13.53909,66.46713,95,54,120.65237
0.96917,13.55235,66.44752,95,54,120.62339
0.96944,13.53223,66.42306,95,54,120.61842
0.96972,13.48996,66.40926,99,54,120.60175
0.97,13.43633,66.39781,99,54,120.59773
0.97028,13.37549,66.39031,99,54,120.51215
0.97055,13.35484,66.39404,99,54,120.51455
0.97083,13.35075,66.39098,99,54,120.5103
0.97111,13.38677,66.39487,99,54,120.50163
0.97139,13.42304,66.39487,99,54,120.49895
0.97167,13.49331,66.39403,99,54,120.49255
0.97194,13.54677,66.39407,95,54,120.4741
0.97222,13.58258,66.40538,95,56,120.46375
0.9725,13.84775,66.4235,95,56,120.4457
0.97278,13.91735,66.45472,95,56,120.428
0.97305,14.12904,66.45847,95,56,120.40508
0.97333,14.06605,66.39786,95,56,120.38633
0.97361,13.49588,66.35972,95,56,120.3607
0.97389,13.29784,66.36612,95,56,120.30879
0.97417,13.2413,66.36836,95,56,120.13406
0.97444,13.2439,66.40855,95,56,120.24581
0.97472,13.59433,66.42839,95,56,120.37793
0.975,13.73485,66.39419,95,56,120.31346
0.97528,13.57964,66.3792,95,56,120.36149
0.97555,13.57737,66.37216,95,56,120.35686
0.97583,13.54209,66.35379,95,56,120.45388
0.97611,13.48651,66.33967,95,56,120.54707
0.97639,13.42157,66.33314,98,56,120.6385
0.97667,13.36027,66.32901,98,57,120.63411
0.97694,13.34012,66.33877,98,57,120.7537
0.97722,13.35163,66.35403,98,57,120.72449
0.9775,13.38637,66.35676,98,57,120.74367
0.97778,13.44064,66.35901,98,57,120.84292
0.97805,13.48911,66.35146,98,57,120.75407
0.97833,13.52058,66.33727,98,57,120.91888
0.97861,13.53745,66.32681,90,57,120.93339
0.97889,13.49393,66.31175,90,53,120.88011
0.97917,13.46907,66.30756,90,53,120.93589
0.97944,13.44446,66.30643,90,53,120.88763
0.97972,13.39247,66.30644,90,53,120.85796
0.98,13.39563,66.31406,90,53,120.95563
0.98028,13.39093,66.31967,90,53,120.96926
0.98055,13.41073,66.32507,90,53,120.86737
0.98083,13.45654,66.33132,95,53,120.94279
0.98111,13.51567,66.33986,95,43,120.81767
0.98139,13.57655,66.34183,95,43,120.67544
0.98167,13.60938,66.34273,95,43,120.73045
0.98194,13.60169,66.33828,95,43,120.69753
0.98222,13.5481,66.32756,95,43,120.69206
0.9825,13.47285,66.31939,95,43,120.634
0.98278,13.39053,66.30817,95,43,120.64626
0.98305,13.35282,66.30109,78,43,120.58806
0.98333,13.38105,66.30105,78,59,120.57786
0.98361,13.40958,66.30106,78,59,120.5742
0.98389,13.53466,66.31009,78,59,120.56669
0.98417,13.39515,66.27574,78,59,120.5516
0.98444,13.50472,66.29235,78,59,120.52506
0.98472,13.40603,66.28439,78,59,120.49823
0.985,13.51385,66.30936,78,59,120.47158
0.98528,13.66442,66.34249,86,59,120.06154
0.98555,13.50778,66.30151,86,58,120.05891
0.98583,13.3188,66.2541,86,58,120.05975
0.98611,13.05716,66.19927,86,58,120.10992
0.98639,13.02526,66.18227,86,58,120.29126
0.98667,13.10543,66.18969,86,58,120.31078
0.98694,13.35247,66.22502,86,58,120.4081
0.98722,13.47405,66.22873,86,58,120.54106
0.9875,13.53162,66.22882,95,58,120.62067
0.98778,13.56639,66.22619,95,54,120.59379
0.98805,13.56922,66.21536,95,54,120.82859
0.98833,13.53143,66.19894,95,54,120.96416
0.98861,13.46573,66.17422,95,54,120.97701
0.98889,13.38883,66.14619,95,54,121.15657
0.98917,13.29874,66.12039,95,54,121.09092
0.98944,13.30619,66.10549,95,54,121.16853
0.98972,13.32688,66.09463,94,54,121.23525
0.99,13.36948,66.09049,94,55,121.29926
0.99028,13.43755,66.09048,94,55,121.36913
0.99055,13.51092,66.0886,94,55,121.45754
0.99083,13.54376,66.08669,94,55,121.42317
0.99111,13.53849,66.07044,94,55,121.42741
0.99139,13.52495,66.05197,94,55,121.5006
0.99167,13.44473,66.03002,94,55,121.41504
0.99194,13.38229,66.00353,93,55,121.38322
0.99222,13.34481,65.98882,93,54,121.45036
0.9925,13.32966,65.97784,93,54,121.39402
0.99278,13.36281,65.96301,93,54,121.30306
0.99305,13.4042,65.95245,93,54,121.48301
0.99333,13.43326,65.94285,93,54,121.35027
0.99361,13.44484,65.92763,93,54,121.31744
0.99389,13.44589,65.91472,93,54,121.28011
0.99417,13.44006,65.89616,92,54,121.18572
0.99444,13.45688,65.87991,92,56,121.113
0.99472,13.5104,65.86891,92,56,121.08385
0.995,13.52507,65.86177,92,56,121.13975
0.99528,13.54244,65.86176,92,56,121.09977
0.99555,13.51793,65.85789,92,56,121.0331
0.99583,13.44002,65.84255,92,56,120.96411
0.99611,13.3542,65.8239,92,56,120.81496
0.99639,13.283,65.80532,94,56,120.66066
0.99667,13.25739,65.78634,94,57,120.74129
0.99694,13.31543,65.78724,94,57,120.64005
0.99722,13.39891,65.7903,94,57,120.64209
0.9975,13.48272,65.79407,94,57,120.70376
0.99778,13.55259,65.80739,94,57,120.69772
0.99805,13.55418,65.81466,94,57,120.689
0.99833,13.55093,65.81773,94,57,120.67481
0.99861,13.48592,65.81386,93,57,120.65792
0.99889,13.41944,65.79859,93,59,120.63794
0.99917,13.36104,65.78715,93,59,120.61835
0.99944,13.29828,65.77577,93,59,120.5966
0.99972,13.4764,65.76569,93,59,120.56567
1,13.75425,65.8022,93,59,120.5367
1.00028,13.57514,65.78087,93,59,120.50612
1.00055,13.38064,65.73167,93,59,120.4741
1.00083,13.49787,65.76062,94,59,120.43925
1.00111,13.54979,65.78593,94,38,120.40269
1.00139,13.9816,65.85524,94,38,120.36262
1.00167,14.50463,65.9299,94,38,120.31859
1.00194,14.34865,65.91341,94,38,120.27425
1.00222,13.73242,65.81464,94,38,120.23363
1.0025,13.4165,65.72218,94,38,120.02909
1.00278,13.06184,65.67568,94,38,120.09995
1.00305,13.01239,65.65413,94,38,120.22662
1.00333,13.37827,65.68813,94,51,120.35436
1.00361,13.53269,65.73773,94,51,120.45493
1.00389,13.65637,65.75949,94,51,120.68706
1.00417,13.6288,65.77943,94,51,120.70402
1.00444,13.5862,65.78328,94,51,120.89579
1.00472,13.52896,65.78328,94,51,121.05906
1.005,13.47431,65.77187,94,51,121.09129
1.00528,13.41829,65.76313,89,51,121.35464
1.00555,13.35713,65.74408,89,39,121.58115
1.00583,13.33448,65.7215,89,39,121.6401
1.00611,13.34616,65.71463,89,39,121.7878
1.00639,13.39474,65.69558,89,39,121.92694
1.00667,13.46136,65.69286,89,39,121.79995
1.00694,13.49032,65.69286,89,39,121.87466
1.00722,13.50069,65.69287,89,39,121.95978
1.0075,13.49343,65.69847,89,39,121.87257
1.00778,13.47105,65.70307,89,50,121.98228
1.00805,13.46262,65.70579,89,50,122.12769
1.00833,13.43004,65.69085,89,50,122.10435
1.00861,13.36946,65.67265,89,50,122.18262
1.00889,13.35906,65.66157,89,50,122.24166
1.00917,13.36972,65.64278,89,50,122.17342
1.00944,13.39305,65.63862,89,50,122.09982
1.00972,13.45815,65.63861,97,50,122.04302
1.01,13.50226,65.63101,97,53,122.12793
1.01028,13.55487,65.63068,97,53,121.97652
1.01055,13.56942,65.63068,97,53,122.03013
1.01083,13.53274,65.63067,97,53,121.97184
1.01111,13.47105,65.63067,97,53,121.80631
1.01139,13.40896,65.6307,97,53,121.85152
1.01167,13.35486,65.61238,97,53,121.73917
1.01194,13.3487,65.59373,96,53,121.79134
1.01222,13.3618,65.57543,96,54,121.80845
1.0125,13.35515,65.56331,96,54,121.75047
1.01278,13.39243,65.56448,96,54,121.71806
1.01305,13.42551,65.5705,96,54,121.69197
1.01333,13.47798,65.57816,96,54,121.63573
1.01361,13.56316,65.57689,96,54,121.4967
1.01389,13.56841,65.58414,96,54,121.5016
1.01417,13.52127,65.58562,94,54,121.40078
1.01444,13.46691,65.58827,94,56,121.30867
1.01472,13.40681,65.59213,94,56,121.29021
1.015,13.35444,65.58067,94,56,121.16203
1.01528,13.33576,65.57386,94,56,121.11192
1.01555,13.37287,65.56316,94,56,121.03921
1.01583,13.41993,65.55457,94,56,120.94988
1.01611,13.48045,65.55462,94,56,120.95674
1.01639,13.54927,65.55084,95,56,120.87266
1.01667,13.58331,65.55344,95,55,120.76488
1.01694,13.56885,65.55457,95,55,120.80299
1.01722,13.53469,65.55074,95,55,120.6272
1.0175,13.46788,65.55454,95,55,120.61792
1.01778,13.41585,65.55385,95,55,120.6131
1.01805,13.36231,65.55038,95,55,120.60923
1.01833,13.18141,65.5447,95,55,120.60368
1.01861,12.98579,65.55276,87,55,120.58507
1.01889,12.95277,65.51279,87,54,120.5677
1.01917,12.90687,65.45506,87,54,120.54404
1.01944,13.13674,65.39132,87,54,120.51971
1.01972,13.62669,65.3146,87,54,120.49437
1.02,13.90171,65.36327,87,54,120.17527
1.02028,13.85733,65.44966,87,54,120.15125
1.02055,13.52594,65.54057,87,54,120.10744
1.02083,13.03694,65.60881,95,54,120.10038
1.02111,12.6473,65.53537,95,63,120.09286
1.02139,12.59235,65.4475,95,63,120.22325
1.02167,12.82875,65.37225,95,63,120.52467
1.02194,13.0981,65.31556,95,63,120.60928
1.02222,13.35136,65.32218,95,63,120.77969
1.0225,13.49166,65.33837,95,63,120.90452
1.02278,13.53487,65.34925,95,63,120.93998
1.02305,13.56531,65.3455,87,63,121.15352
1.02333,13.53877,65.36437,87,51,121.30337
1.02361,13.50954,65.36814,87,51,121.42806
1.02389,13.47141,65.36784,87,51,121.71987
1.02417,13.40254,65.37726,87,51,121.84744
1.02444,13.35101,65.36253,87,51,121.90857
1.02472,13.35384,65.349,87,51,122.0009
1.025,13.40286,65.33383,87,51,121.90249
1.02528,13.44638,65.31914,101,51,121.89126
1.02555,13.49807,65.31188,101,51,122.00491
1.02583,13.54404,65.29701,101,51,122.08131
1.02611,13.53285,65.29588,101,51,122.12498
1.02639,13.51215,65.28856,101,51,122.26471
1.02667,13.50215,65.2771,101,51,122.24977
1.02694,13.44697,65.28458,101,51,122.17222
1.02722,13.39944,65.27583,101,51,122.2887
1.0275,13.37028,65.26893,98,51,122.21102
1.02778,13.34335,65.26171,98,45,122.1495
1.02805,13.36862,65.2467,98,45,122.22839
1.02833,13.44642,65.22829,98,45,122.15318
1.02861,13.53511,65.21666,98,45,122.07533
1.02889,13.60584,65.20119,98,45,122.22128
1.02917,13.63824,65.19025,98,45,121.99368
1.02944,13.60808,65.20458,98,45,122.0472
1.02972,13.56529,65.21053,91,45,122.0152
1.03,13.47705,65.2245,91,58,121.83903
1.03028,13.4052,65.23503,91,58,121.86894
1.03055,13.39023,65.22414,91,58,121.83028
1.03083,13.36938,65.21327,91,58,121.80554
1.03111,13.4093,65.19492,91,58,121.77119
1.03139,13.46237,65.17655,91,58,121.79081
1.03167,13.48637,65.16606,91,58,121.76016
1.03194,13.52429,65.15293,92,58,121.5823
1.03222,13.53694,65.14233,92,63,121.59841
1.0325,13.52035,65.13188,92,63,121.5626
1.03278,13.46288,65.12706,92,63,121.44749
1.03305,13.41821,65.13055,92,63,121.42051
1.03333,13.37831,65.12476,92,63,121.35453
1.03361,13.35838,65.12261,92,63,121.27789
1.03389,13.39184,65.11354,92,63,121.20648
1.03417,13.41152,65.10458,94,63,121.15945
1.03444,13.45311,65.10345,94,53,121.12926
1.03472,13.50388,65.08566,94,53,120.95161
1.035,13.52832,65.07815,94,53,120.84353
1.03528,13.56225,65.06708,94,53,120.79913
1.03555,13.53194,65.06705,94,53,120.64569
1.03583,13.49038,65.07044,94,53,120.62154
1.03611,13.44713,65.06705,94,53,120.61465
1.03639,13.39708,65.06295,94,53,120.60998
1.03667,13.38163,65.04592,94,56,120.59522
1.03694,13.39266,65.03911,94,56,120.58897
1.03722,13.41948,65.02889,94,56,120.57761
1.0375,13.46385,65.017,94,56,120.56431
1.03778,13.59597,64.9915,94,56,120.55107
1.03805,13.77653,64.96564,94,56,120.53037
1.03833,13.83604,64.94731,94,56,120.5145
1.03861,13.84752,64.94146,94,56,120.4927
1.03889,13.93582,64.91584,94,55,120.46926
1.03917,13.84144,64.88296,94,55,120.44165
1.03944,13.59152,64.90888,94,55,120.41116
1.03972,13.24228,64.95302,94,55,120.37991
1.04,12.80015,65.0281,94,55,120.34739
1.04028,12.50281,65.1146,94,55,120.31653
1.04055,12.938,65.04803,94,55,120.01654
1.04083,13.482,64.96992,94,55,120.01662
1.04111,13.92189,64.87605,94,55,120.02468
1.04139,14.31781,64.77973,94,55,120.06261
1.04167,14.13537,64.77593,94,55,120.2298
1.04194,13.92429,64.77787,94,55,120.3759
1.04222,13.73881,64.79981,94,55,120.50472
1.0425,13.47492,64.83386,94,55,120.64004
1.04278,13.36465,64.86414,94,55,120.71627
1.04305,13.35546,64.86792,93,55,120.85543
1.04333,13.3722,64.86899,93,56,120.94096
1.04361,13.42564,64.85091,93,56,121.18279
1.04389,13.4848,64.8362,93,56,121.2495
1.04417,13.52465,64.81978,93,56,121.33662
1.04444,13.53987,64.80135,93,56,121.46261
1.04472,13.56019,64.78692,93,56,121.46553
1.045,13.52142,64.78316,93,56,121.51039
1.04528,13.47973,64.7849,94,56,121.59113
1.04555,13.43135,64.78483,94,57,121.53688
1.04583,13.37832,64.79849,94,57,121.47263
1.04611,13.37707,64.80004,94,57,121.42082
1.04639,13.39405,64.78867,94,57,121.48616
1.04667,13.43841,64.77679,94,57,121.50175
1.04694,13.49256,64.75447,94,57,121.59692
1.04722,13.5247,64.73584,94,57,121.72469
1.0475,13.52645,64.71342,95,57,121.62486
1.04778,13.47219,64.69754,95,51,121.59076
1.04805,13.41333,64.69754,95,51,121.61916
1.04833,13.32692,64.6975,95,51,121.52411
1.04861,13.29425,64.70693,95,51,121.48924
1.04889,13.31622,64.71646,95,51,121.58089
1.04917,13.34224,64.72023,95,51,121.53258
1.04944,13.41994,64.71644,95,51,121.55739
1.04972,13.48151,64.7133,92,51,121.50606
1.05,13.52645,64.70991,92,61,121.4482
1.05028,13.55718,64.69549,92,61,121.31836
1.05055,13.57388,64.68078,92,61,121.24312
1.05083,13.53461,64.66909,92,61,121.06846
1.05111,13.5016,64.65192,92,61,120.97566
1.05139,13.43634,64.65162,92,61,121.03828
1.05167,13.34851,64.65534,92,61,120.89455
1.05194,13.30046,64.66299,96,61,120.96343
1.05222,13.27796,64.67064,96,69,120.99056
1.0525,13.29285,64.66717,,69,120.85744
1.05278,13.35517,64.66344,96,69,120.89433
1.05305,13.39997,64.66174,96,69,120.78005
1.05333,13.42215,64.6639,96,69,120.66746
1.05361,13.45106,64.67258,96,69,120.60028
1.05389,13.47078,64.67896,96,69,120.63889
1.05417,13.503,64.67527,96,69,120.63395
1.05444,13.54933,64.66717,106,61,120.62335
1.05472,13.56902,64.65247,106,61,120.61212
1.055,13.49022,64.63849,106,61,120.59766
1.05528,13.12147,64.61241,106,61,120.57637
1.05555,12.99805,64.60165,106,61,120.55831
1.05583,12.79447,64.62974,106,61,120.53123
1.05611,12.77351,64.67596,106,61,120.50144
1.05639,13.38257,64.71117,106,61,120.47244
1.05667,13.76425,64.71039,98,61,120.43404
1.05694,13.7025,64.66665,98,61,120.39961
1.05722,13.50772,64.62247,98,61,120.36147
1.0575,13.5269,64.63524,98,61,119.95825
1.05778,13.39767,64.6891,98,61,119.9547
1.05805,13.65195,64.73314,98,61,120.12355
1.05833,13.82726,64.72523,98,61,120.26749
1.05861,13.54203,64.67909,98,61,120.40057
1.05889,13.36685,64.62337,93,47,120.41782
1.05917,13.29864,64.58581,93,47,120.68584
1.05944,13.35716,64.57977,93,47,120.79132
1.05972,13.40311,64.58363,93,47,120.86955
1.06,13.45854,64.58754,93,47,121.01704
1.06028,13.47613,64.58598,93,47,121.06673
1.06055,13.53056,64.58562,93,47,121.06758
1.06083,13.57028,64.5822,93,47,121.14828
1.06111,13.55078,64.57821,91,52,121.18906
1.06139,13.53537,64.57064,91,52,121.28367
1.06167,13.45413,64.55918,91,52,121.41277
1.06194,13.38534,64.54295,91,52,121.45461
1.06222,13.35275,64.53917,91,52,121.49657
1.0625,13.33435,64.53909,91,52,121.42985
1.06278,13.37044,64.54686,91,52,121.48277
1.06305,13.42415,64.55511,91,52,121.48692
1.06333,13.48922,64.5559,95,55,121.51417
1.06361,13.55455,64.5525,95,55,121.57021
1.06389,13.58082,64.5416,95,55,121.5042
1.06417,13.56624,64.53259,95,55,121.59078
1.06444,13.51597,64.51357,95,55,121.57654
1.06472,13.46512,64.50517,95,55,121.53281
1.065,13.40662,64.49907,95,55,121.53585
1.06528,13.36,64.49136,95,55,121.43312
1.06555,13.34769,64.49379,86,54,121.5021
1.06583,13.35854,64.49589,86,54,121.44544
1.06611,13.41189,64.49589,86,54,121.34084
1.06639,13.47315,64.49589,86,54,121.20404
1.06667,13.53331,64.49589,86,54,121.14665
1.06694,13.54633,64.48817,86,54,121.17552
1.06722,13.52156,64.46944,86,54,121.18492
1.0675,13.46498,64.45071,86,54,121.08894
1.06778,13.40114,64.43206,93,53,121.15355
1.06805,13.35633,64.41954,93,53,120.99082
1.06833,13.34631,64.4196,93,53,120.90881
1.06861,13.40314,64.42342,93,53,120.95564
1.06889,13.45554,64.43107,93,53,120.8406
1.06917,13.52424,64.4387,93,53,120.78784
1.06944,13.59183,64.43876,93,53,120.76483
1.06972,13.59725,64.43898,93,53,120.73586
1.07,13.55754,64.42826,92,51,120.62942
1.07028,13.49366,64.40733,92,51,120.58522
1.07055,13.43999,64.39472,92,51,120.58199
1.07083,13.36583,64.37775,92,51,120.57835
1.07111,13.36062,64.37517,92,51,120.57133
1.07139,13.46443,64.39045,92,51,120.55618
1.07167,13.4855,64.39939,92,51,120.53923
1.07194,13.68673,64.43527,92,51,120.52158
1.07222,13.97547,64.47973,94,52,120.49917
1.0725,13.9802,64.47736,94,52,120.47826
1.07278,13.86218,64.45013,94,52,120.4532
1.07305,13.49933,64.36987,94,52,120.42843
1.07333,13.03627,64.30247,94,52,120.40196
1.07361,12.7609,64.26376,94,52,120.27966
1.07389,12.86309,64.28657,94,52,120.17236
1.07417,13.07707,64.33855,94,52,120.17661
1.07444,13.21376,64.34953,94,53,120.18217
1.07472,13.41156,64.36633,94,53,120.28214
1.075,13.48112,64.3735,94,53,120.38381
1.07528,13.52766,64.38075,94,53,120.42192
1.07555,13.55777,64.39122,94,53,120.68352
1.07583,13.52783,64.40282,94,53,120.70989
1.07611,13.47059,64.39561,94,53,120.72917
1.07639,13.41611,64.38416,94,53,120.78208
1.07667,13.35031,64.36548,95,47,120.78416
1.07694,13.32375,64.35201,95,47,120.72764
1.07722,13.34324,64.34325,95,47,120.79917
1.0775,13.38469,64.34326,95,47,120.76144
1.07778,13.44192,64.34783,95,47,120.81857
1.07805,13.52702,64.3562,95,47,120.80941
1.07833,13.54877,64.3631,95,47,120.79756
1.07861,13.56433,64.3669,95,47,120.81699
1.07889,13.53257,64.36313,94,33,120.7195
1.07917,13.47382,64.35596,94,33,120.82822
1.07944,13.41712,64.33731,94,33,120.90017
1.07972,13.36665,64.32434,94,33,120.74227
1.08,13.34965,64.31674,94,33,120.80107
1.08028,13.36603,64.30917,94,33,120.68844
1.08055,13.40564,64.31673,94,33,120.57719
1.08083,13.4661,64.3282,94,33,120.71724
1.08111,13.53883,64.33707,92,38,120.64821
1.08139,13.56779,64.34514,92,38,120.64192
1.08167,13.56938,64.34517,92,38,120.70304
1.08194,13.53444,64.34514,92,38,120.69652
1.08222,13.47022,64.33589,92,38,120.69652
1.0825,13.41724,64.32458,92,38,120.68427
1.08278,13.37343,64.30559,92,38,120.67802
1.08305,13.37321,64.28424,92,38,120.66541
1.08333,13.42128,64.28043,93,53,120.64946
1.08361,13.53873,64.27347,93,53,120.63267
1.08389,13.74844,64.2728,93,53,120.61076
1.08417,13.84669,64.33845,93,53,120.58611
1.08444,13.67825,64.3541,93,53,120.55342
1.08472,13.56637,64.34177,93,53,120.52344
1.085,13.47611,64.3539,93,53,120.48761
1.08528,13.43572,64.28224,93,53,120.41721
1.08555,13.7166,64.25101,94,63,120.38438
1.08583,13.91471,64.27844,94,63,120.34567
1.08611,13.90164,64.3066,94,63,120.30631
1.08639,13.94579,64.37476,94,63,120.26994
1.08667,13.75214,64.40059,94,63,120.17119
1.08694,13.69773,64.41318,94,63,120.38579
1.08722,13.59893,64.38514,94,63,120.50264
1.0875,13.53837,64.34903,94,63,120.66758
1.08778,13.5158,64.31852,105,53,120.80546
1.08805,13.45144,64.30569,105,53,120.76823
1.08833,13.39228,64.28727,105,53,120.87406
1.08861,13.37492,64.27663,105,53,120.92983
1.08889,13.39658,64.27132,105,53,121.00435
1.08917,13.42242,64.26754,105,53,121.18097
1.08944,13.47652,64.27136,105,53,121.27621
1.08972,13.49865,64.27524,105,53,121.41158
1.09,13.52891,64.29039,96,55,121.37413
1.09028,13.53234,64.30934,96,55,121.48261
1.09055,13.50586,64.32078,96,55,121.55611
1.09083,13.47104,64.32907,96,55,121.5132
1.09111,13.42303,64.32069,96,55,121.66583
1.09139,13.40086,64.30327,96,55,121.73021
1.09167,13.40275,64.28883,96,55,121.60463
1.09194,13.42917,64.27512,96,55,121.59753
1.09222,13.4938,64.27093,106,55,121.62943
1.0925,13.54441,64.27123,106,55,121.56577
1.09278,13.58473,64.29024,106,55,121.57459
1.09305,13.61558,64.3127,106,55,121.62718
1.09333,13.60577,64.33889,106,55,121.43887
1.09361,13.55838,64.36248,106,55,121.36516
1.09389,13.52045,64.36247,106,55,121.34402
1.09417,13.49283,64.35862,106,55,121.35701
1.09444,13.43735,64.35029,87,52,121.34415
1.09472,13.42696,64.33958,87,52,121.34631
1.095,13.43201,64.33955,87,52,121.3558
1.09528,13.45007,64.33849,87,52,121.25401
1.09555,13.50018,64.33849,87,52,121.22524
1.09583,13.56498,64.34239,87,52,121.27421
1.09611,13.59425,64.35232,87,52,121.24429
1.09639,13.56199,64.36745,87,52,121.13786
1.09667,13.49569,64.37092,97,55,121.19057
1.09694,13.4142,64.38381,97,55,121.02307
1.09722,13.33885,64.37618,97,55,120.89677
1.0975,13.30321,64.36098,97,55,120.84137
1.09778,13.33444,64.34963,97,55,120.72636
1.09805,13.39469,64.32925,97,55,120.771
1.09833,13.5074,64.32832,97,55,120.7383
1.09861,13.59546,64.32831,97,55,120.7383
1.09889,13.6537,64.33969,98,55,120.6688
1.09917,13.66428,64.34721,98,55,120.66425
1.09944,13.64764,64.35472,98,55,120.6545
1.09972,13.60324,64.35474,98,55,120.64235
1.1,13.51359,64.3586,98,55,120.62727
1.10028,13.40784,64.38834,98,55,120.60465
1.10055,13.33364,64.37117,98,55,120.58806
1.10083,13.32636,64.35302,98,55,120.57018
1.10111,13.38626,64.33299,88,38,120.52435
1.10139,13.50985,64.29422,88,38,120.50008
1.10167,13.30507,64.31743,88,38,120.47131
1.10194,13.20425,64.2949,88,38,120.43364
1.10222,13.44849,64.28291,88,38,120.39293
1.1025,13.71123,64.2934,88,38,120.35603
1.10278,14.18639,64.25889,88,38,119.93797
1.10305,14.53617,64.26921,88,38,119.95253
1.10333,14.53397,64.27921,91,53,119.95083
1.10361,14.43968,64.27786,91,53,119.95935
1.10389,14.18707,64.32527,91,53,119.96157
1.10417,13.73242,64.36752,91,53,119.96294
1.10444,13.53572,64.34742,91,53,120.13275
1.10472,13.47442,64.33118,91,53,120.3169
1.105,13.46413,64.29774,91,53,120.47184
1.10528,13.68574,64.27344,91,53,120.59023
1.10555,13.69184,64.31518,99,48,120.87598
1.10583,13.49841,64.33768,99,48,120.95775
1.10611,13.42133,64.34715,99,48,121.20573
1.10639,13.38031,64.34714,99,48,121.34155
1.10667,13.38109,64.34323,99,48,121.42039
1.10694,13.41549,64.34323,99,48,121.56736
1.10722,13.4709,64.33944,99,48,121.68388
1.1075,13.54706,64.33184,99,48,121.74442
1.10778,13.58176,64.32811,90,51,121.88988
1.10805,13.5912,64.32809,90,51,121.78361
1.10833,13.57908,64.33189,90,51,121.86747
1.10861,13.5096,64.33945,90,51,121.85629
1.10889,13.46995,64.34323,90,51,121.88951
1.10917,13.40883,64.34332,90,51,122.03519
1.10944,13.36399,64.34332,90,51,122.03053
1.10972,13.39672,64.34334,90,51,122.12903
1.11,13.39741,64.34334,95,57,122.17816
1.11028,13.44392,64.32547,95,57,122.09367
1.11055,13.49552,64.31481,95,57,122.12124
1.11083,13.5328,64.30151,95,57,122.10136
1.11111,13.59155,64.29064,95,57,122.01421
1.11139,13.58988,64.29821,95,57,122.05956
1.11167,13.5673,64.30847,95,57,122.04649
1.11194,13.51787,64.32371,95,57,122.02069
1.11222,13.43474,64.33005,94,55,122.02218
1.1125,13.39543,64.33118,94,55,121.9409
1.11278,13.39508,64.32139,94,55,121.94698
1.11305,13.42617,64.30649,94,55,122.01259
1.11333,13.49523,64.29509,94,55,121.87373
1.11361,13.5689,64.28437,94,55,121.94353
1.11389,13.61846,64.28964,94,55,121.84409
1.11417,13.62252,64.30479,94,55,121.75566
1.11444,13.58403,64.31957,95,55,121.6661
1.11472,13.51796,64.34545,95,55,121.66222
1.115,13.45764,64.35319,95,55,121.56149
1.11528,13.42072,64.35852,95,55,121.50262
1.11555,13.40621,64.35858,95,55,121.44875
1.11583,13.45436,64.34332,95,55,121.32373
1.11611,13.48509,64.34325,95,55,121.23497
1.11639,13.50348,64.33946,95,55,121.21658
1.11667,13.49044,64.35389,94,54,121.11788
1.11694,13.46064,64.36455,94,54,121.12045
1.11722,13.40895,64.37085,94,54,121.02981
1.1175,13.40055,64.37566,94,54,121.04826
1.11778,13.45451,64.36768,94,54,121.061
1.11805,13.48221,64.3688,94,54,120.90305
1.11833,13.53756,64.37221,94,54,120.88936
1.11861,13.58407,64.37407,94,54,120.86101
1.11889,13.60115,64.38433,92,54,120.77881
1.11917,13.59569,64.38887,92,54,120.66022
1.11944,13.57502,64.39876,92,54,120.59025
1.11972,13.52228,64.4209,92,54,120.58541
1.12,13.45711,64.43076,92,54,120.57853
1.12028,13.41567,64.43201,92,54,120.56797
1.12055,13.43442,64.43895,92,54,120.55218
1.12083,13.49266,64.42222,92,54,120.53597
1.12111,13.55625,64.41837,97,52,120.51941
1.12139,13.62398,64.41959,97,52,120.50057
1.12167,13.65614,64.41216,97,52,120.4782
1.12194,13.60851,64.4194,97,52,120.45227
1.12222,13.3891,64.4632,97,52,120.41891
1.1225,13.31415,64.49321,97,52,120.3858
1.12278,13.38762,64.49114,97,52,120.3513
1.12305,13.38218,64.48782,97,52,120.31158
1.12333,13.37919,64.4863,93,46,120.26776
1.12361,13.22871,64.52733,93,46,120.23395
1.12389,13.10855,64.54275,93,46,120.11765
1.12417,13.26478,64.53799,93,46,119.98977
1.12444,13.70056,64.45953,93,46,119.97234
1.12472,14.06802,64.375,93,46,120.07423
1.125,14.1056,64.36705,93,46,120.13353
1.12528,13.86776,64.40201,93,46,120.19344
1.12555,13.61567,64.45914,94,41,120.25803
1.12583,13.41203,64.50155,94,41,120.47463
1.12611,13.40489,64.50156,94,41,120.63554
1.12639,13.48846,64.49033,94,41,120.85089
1.12667,13.4937,64.48421,94,41,121.0649
1.12694,13.53966,64.47547,94,41,121.25315
1.12722,13.60331,64.46287,94,41,121.44869
1.1275,13.62045,64.45986,94,41,121.60209
1.12778,13.60957,64.45792,93,54,121.73683
1.12805,13.55518,64.4652,93,54,121.88548
1.12833,13.493,64.47749,93,54,121.85149
1.12861,13.41808,64.48483,93,54,121.94072
1.12889,13.3522,64.50216,93,54,121.98214
1.12917,13.38252,64.50214,93,54,121.98138
1.12944,13.41534,64.5021,93,54,122.03359
1.12972,13.48811,64.4997,93,54,122.04651
1.13,13.58602,64.49207,93,56,122.07861
1.13028,13.62492,64.49161,93,56,122.15527
1.13055,13.60315,64.49157,93,56,122.15132
1.13083,13.55165,64.498,93,56,122.09998
1.13111,13.47947,64.51667,93,56,122.21171
1.13139,13.42532,64.5307,93,56,122.19199
1.13167,13.41155,64.54943,93,56,122.18864
1.13194,13.4009,64.56316,93,56,122.26616
1.13222,13.44263,64.56696,99,54,122.14799
1.1325,13.50661,64.56068,99,54,122.07872
1.13278,13.57897,64.55927,99,54,122.16732
1.13305,13.65434,64.55167,99,54,122.08662
1.13333,13.66129,64.5517,99,54,122.11544
1.13361,13.63565,64.55325,99,54,122.09951
1.13389,13.57319,64.55315,99,54,121.89209
1.13417,13.49072,64.56839,99,54,121.94428
1.13444,13.44041,64.57278,84,59,121.78269
1.13472,13.41632,64.59489,84,59,121.79128
1.135,13.40523,64.61769,84,59,121.83318
1.13528,13.4531,64.62151,84,59,121.72467
1.13555,13.53106,64.62131,84,59,121.75131
1.13583,13.56229,64.61389,84,59,121.67989
1.13611,13.60082,64.59691,84,59,121.52679
1.13639,13.62295,64.59123,84,59,121.57588
1.13667,13.58983,64.60266,94,53,121.41248
1.13694,13.53021,64.60644,94,53,121.30894
1.13722,13.47557,64.6217,94,53,121.35039
1.1375,13.43022,64.64442,94,53,121.18547
1.13778,13.39196,64.65202,94,53,121.21
1.13805,13.44626,64.65848,94,53,121.12605
1.13833,13.51111,64.661,94,53,120.97052
1.13861,13.54423,64.65575,94,53,121.01575
1.13889,13.60639,64.6468,88,55,120.86794
1.13917,13.59401,64.6468,88,55,120.87301
1.13944,13.56746,64.64539,88,55,120.89265
1.13972,13.52656,64.64538,88,55,120.73503
1.14,13.44463,64.64823,88,55,120.60637
1.14028,13.40613,64.65887,88,55,120.64274
1.14055,13.35053,64.67095,88,55,120.63716
1.14083,13.34555,64.67496,88,55,120.62801
1.14111,13.39135,64.6826,87,56,120.61605
1.14139,13.46508,64.67769,87,56,120.60466
1.14167,13.55008,64.66748,87,56,120.58805
1.14194,13.60295,64.66348,87,56,120.56966
1.14222,13.62566,64.67103,87,56,120.55294
1.1425,13.78989,64.70545,87,56,120.5269
1.14278,14.00679,64.70504,87,56,120.49894
1.14305,13.76674,64.69348,87,56,120.47148
1.14333,13.41906,64.6929,91,54,120.43691
1.14361,12.98456,64.7077,91,54,120.40305
1.14389,12.29114,64.71953,91,54,120.36536
1.14417,12.18688,64.74403,91,54,120.32291
1.14444,12.59031,64.79354,91,54,120.27643
1.14472,13.18247,64.75549,91,54,120.23319
1.145,13.65215,64.71066,91,54,120.05162
1.14528,13.74954,64.69642,91,54,120.14719
1.14555,13.62591,64.66406,92,52,120.22292
1.14583,13.31486,64.6573,92,52,120.36234
1.14611,13.23115,64.68922,92,52,120.38088
1.14639,13.38013,64.71794,92,52,120.55168
1.14667,13.4079,64.72025,92,52,120.75106
1.14694,13.3917,64.72118,92,52,120.87319
1.14722,13.41048,64.72119,92,52,120.96372
1.1475,13.46617,64.72762,92,52,121.1787
1.14778,13.5315,64.72876,94,57,121.25139
1.14805,13.59674,64.73161,94,57,121.23147
1.14833,13.65511,64.73161,94,57,121.40552
1.14861,13.63377,64.72704,94,57,121.37083
1.14889,13.58574,64.72405,94,57,121.48439
1.14917,13.50006,64.72411,94,57,121.63119
1.14944,13.4226,64.72411,94,57,121.63263
1.14972,13.36785,64.73172,94,57,121.75743
1.15,13.35714,64.74894,93,21,121.73533
1.15028,13.40209,64.76627,93,21,121.74953
1.15055,13.4472,64.78265,93,21,121.79205
1.15083,13.51715,64.79558,93,21,121.77061
1.15111,13.57362,64.78992,93,21,121.77303
1.15139,13.59261,64.78836,93,21,121.69209
1.15167,13.59317,64.783,93,21,121.68276
1.15194,13.56701,64.76469,93,21,121.60663
1.15222,13.5193,64.76192,95,55,121.66921
1.1525,13.48231,64.757,95,55,121.665
1.15278,13.45558,64.75703,95,55,121.59331
1.15305,13.43651,64.77248,95,55,121.62235
1.15333,13.45866,64.78091,95,55,121.55534
1.15361,13.49777,64.79192,95,55,121.44613
1.15389,13.53329,64.79957,95,55,121.50649
1.15417,13.57957,64.79903,95,55,121.41582
1.15444,13.60621,64.79219,94,52,121.32961
1.15472,13.60243,64.79144,94,52,121.37
1.155,13.57576,64.78761,94,52,121.3384
1.15528,13.51879,64.78859,94,52,121.23488
1.15555,13.46064,64.79353,94,52,121.2703
1.15583,13.41621,64.79623,94,52,121.27766
1.15611,13.42569,64.79995,94,52,121.15508
1.15639,13.45349,64.79889,94,52,121.10786
1.15667,13.49541,64.79896,96,54,121.08952
1.15694,13.55316,64.799,96,54,121.02468
1.15722,13.58592,64.799,96,54,120.91524
1.1575,13.6061,64.79816,96,54,120.8198
1.15778,13.57832,64.79311,96,54,120.71561
1.15805,13.53067,64.78325,96,54,120.67471
1.15833,13.46566,64.77475,96,54,120.66995
1.15861,13.41213,64.76708,96,54,120.64587
1.15889,13.40769,64.77251,94,55,120.63904
1.15917,13.43046,64.78008,94,55,120.62654
1.15944,13.46642,64.7818,94,55,120.61214
1.15972,13.52579,64.78323,94,55,120.59627
1.16,13.50081,64.79608,94,55,120.5707
1.16028,13.56993,64.81297,94,55,120.55074
1.16055,13.63066,64.79664,94,55,120.52412
1.16083,13.37513,64.76753,94,55,120.46635
1.16111,13.35538,64.75036,85,58,120.44035
1.16139,13.15896,64.73964,85,58,120.15649
1.16167,12.77072,64.7268,85,58,120.1202
1.16194,12.81093,64.75261,85,58,120.12283
1.16222,12.74921,64.74208,85,58,120.11746
1.1625,12.61836,64.7222,85,58,120.12632
1.16278,12.83185,64.75234,85,58,120.1229
1.16305,13.41996,64.84143,85,58,120.11617
1.16333,13.89596,64.91558,96,54,120.10921
1.16361,14.33622,64.9609,96,54,120.32603
1.16389,14.45785,64.95557,96,54,120.41216
1.16417,14.0941,64.89268,96,54,120.47337
1.16444,13.70674,64.83588,96,54,120.64492
1.16472,13.46492,64.81521,96,54,120.71001
1.165,13.42495,64.81691,96,54,120.94462
1.16528,13.48526,64.83533,96,54,121.11123
1.16555,13.55778,64.85292,90,55,121.23446
1.16583,13.61175,64.86426,90,55,121.3856
1.16611,13.6524,64.87479,90,55,121.42717
1.16639,13.64107,64.87185,90,55,121.56378
1.16667,13.58883,64.85994,90,55,121.56741
1.16694,13.49071,64.84146,90,55,121.57802
1.16722,13.4128,64.83411,90,55,121.75419
1.1675,13.35692,64.83138,90,55,121.81571
1.16778,13.3698,64.84143,89,53,121.91582
1.16805,13.41741,64.85988,89,53,121.99162
1.16833,13.48772,64.87107,89,53,122.11019
1.16861,13.56954,64.88306,89,53,121.99947
1.16889,13.61919,64.89053,89,53,122.05858
1.16917,13.64153,64.89428,89,53,122.04695
1.16944,13.59223,64.8931,89,53,121.97575
1.16972,13.54602,64.89051,89,53,122.10814
1.17,13.46965,64.88306,98,57,122.08202
1.17028,13.39417,64.87927,98,57,122.03455
1.17055,13.39512,64.88261,98,57,122.02492
1.17083,13.40832,64.88933,98,57,121.88893
1.17111,13.41751,64.89753,98,57,121.78432
1.17139,13.49153,64.9106,98,57,121.80269
1.17167,13.55572,64.9252,98,57,121.75653
1.17194,13.59761,64.93523,98,57,121.74498
1.17222,13.64223,64.939,100,54,121.73338
1.1725,13.60205,64.93397,100,54,121.7451
1.17278,13.54558,64.92281,100,54,121.67479
1.17305,13.4906,64.91904,100,54,121.57835
1.17333,13.40287,64.90783,100,54,121.57017
1.17361,13.38572,64.91399,100,54,121.52826
1.17389,13.4238,64.92785,100,54,121.54034
1.17417,13.45849,64.93197,100,54,121.49009
1.17444,13.54812,64.95029,88,55,121.42632
1.17472,13.61526,64.96851,88,55,121.34367
1.175,13.62,64.96854,88,55,121.33458
1.17528,13.60497,64.97771,88,55,121.23753
1.17555,13.53784,64.97138,88,55,121.14674
1.17583,13.46549,64.96591,88,55,121.14736
1.17611,13.40639,64.96809,88,55,120.9761
1.17639,13.3652,64.96121,88,55,120.96377
1.17667,13.34797,64.9577,94,47,120.78141
1.17694,13.41682,64.97269,94,47,120.70955
1.17722,13.45333,64.98687,94,47,120.6136
1.1775,13.50115,65.00524,94,47,120.60612
1.17778,13.5231,65.02132,94,47,120.59971
1.17805,13.4545,65.02132,94,47,120.56211
1.17833,13.40602,65.02132,94,47,120.55769
1.17861,13.39264,65.0213,94,47,120.55233
1.17889,13.40615,65.0213,89,57,120.5471
1.17917,13.45801,65.02875,89,57,120.53584
1.17944,13.52754,65.03973,89,57,120.5208
1.17972,13.54506,65.05669,89,57,120.50704
1.18,13.38553,65.05154,89,57,120.486
1.18028,13.42977,65.06368,89,57,120.46773
1.18055,13.49593,65.06826,89,57,120.44322
1.18083,13.48953,65.05429,89,57,120.41682
1.18111,13.82289,65.07193,99,58,120.38384
1.18139,14.08571,65.08472,99,58,120.34825
1.18167,14.17813,65.10353,99,58,120.31007
1.18194,14.32968,65.14826,99,58,120.26512
1.18222,14.3283,65.20495,99,58,120.22892
1.1825,14.11311,65.2452,99,58,120.04813
1.18278,13.63846,65.22778,99,58,120.01578
1.18305,13.2983,65.19257,99,58,120.01131
1.18333,12.98878,65.12665,94,53,120.08694
1.18361,12.91637,65.07271,94,53,120.16195
1.18389,13.05602,65.03883,94,53,120.24349
1.18417,13.37928,65.06062,94,53,120.39227
1.18444,13.53102,65.08013,94,53,120.4835
1.18472,13.60739,65.09148,94,53,120.53612
1.185,13.65993,65.11186,94,53,120.60814
1.18528,13.61867,65.1108,94,53,120.72774
1.18555,13.54098,65.10113,95,57,120.7839
1.18583,13.49302,65.10109,95,57,120.87943
1.18611,13.44106,65.09361,95,57,121.06014
1.18639,13.40728,65.08909,95,57,121.1202
1.18667,13.4171,65.09314,95,57,121.07031
1.18694,13.44474,65.09312,95,57,121.07339
1.18722,13.50313,65.10057,95,57,121.10292
1.1875,13.5786,65.11299,95,57,121.26725
1.18778,13.63538,65.13128,94,56,121.31467
1.18805,13.65268,65.152,94,56,121.3678
1.18833,13.5971,65.16663,94,56,121.41915
1.18861,13.53529,65.18117,94,56,121.37508
1.18889,13.43517,65.18156,94,56,121.41384
1.18917,13.35512,65.17917,94,56,121.38004
1.18944,13.33692,65.17583,94,56,121.33446
1.18972,13.35146,65.17207,94,56,121.35433
1.19,13.40204,65.17209,95,56,121.27522
1.19028,13.46898,65.17661,95,56,121.37891
1.19055,13.55664,65.19615,95,56,121.2945
1.19083,13.6013,65.21447,95,56,121.19185
1.19111,13.63524,65.23284,95,56,121.21013
1.19139,13.62383,65.24817,95,56,121.13279
1.19167,13.57559,65.24764,95,56,121.06697
1.19194,13.52144,65.24656,95,56,121.09792
1.19222,13.4583,65.24659,96,54,121.10661
1.1925,13.41734,65.23691,96,54,120.99436
1.19278,13.40665,65.23395,96,54,121.04421
1.19305,13.43282,65.23691,96,54,120.9395
1.19333,13.52685,65.24445,96,54,120.7773
1.19361,13.5964,65.26119,96,54,120.75148
1.19389,13.64707,65.26562,96,54,120.69717
1.19417,13.65163,65.28618,96,54,120.69199
1.19444,13.596,65.29993,93,54,120.68291
1.19472,13.54295,65.31135,93,54,120.67747
1.195,13.48355,65.32655,93,54,120.66792
1.19528,13.43784,65.31425,93,54,120.6564
1.19555,13.41497,65.29672,93,54,120.64546
1.19583,13.40156,65.28148,93,54,120.6345
1.19611,13.41188,65.26282,93,54,120.61702
1.19639,13.42217,65.23623,93,54,120.60088
1.19667,13.79721,65.23834,94,57,120.57591
1.19694,14.21239,65.24897,94,57,120.54555
1.19722,14.38241,65.29076,94,57,120.51316
1.1975,14.34979,65.37189,94,57,120.47298
1.19778,14.0189,65.4437,94,57,120.43652
1.19805,13.49359,65.52187,94,57,120.39934
1.19833,13.19315,65.51423,94,57,119.98804
1.19861,13.48483,65.4614,94,57,119.98218
1.19889,13.62212,65.45738,92,39,119.97483
1.19917,13.6411,65.43487,92,39,119.97123
1.19944,13.8225,65.45528,92,39,119.95386
1.19972,13.37607,65.46967,92,39,119.94796
1.2,13.49225,65.37648,92,39,120.14809