,System Pressure,,Pump Pressure,,Reactor Temperature
Time(hr),R1,R2,MX5,MX6,R7 ©
0.2,7.87295,101.04623,118,142,22.5388
0.20028,8.9955,97.45127,118,142,22.26331
0.20056,11.35386,94.47712,118,142,22.51341
0.20083,14.30217,92.21004,118,142,22.4414
0.20111,16.32059,92.42541,118,142,22.40226
0.20139,16.05041,94.457,118,142,22.69533
0.20167,14.88751,96.43991,118,142,22.27607
0.20194,13.27929,98.65842,118,142,22.69245
0.20222,11.2272,100.32667,122,142,22.4236
0.2025,9.93582,100.49353,122,142,22.47041
0.20278,8.59936,100.76629,122,142,22.49885
0.20306,8.88795,99.80761,122,142,22.17577
0.20333,10.14903,98.33795,122,142,22.62591
0.20361,12.19584,96.45628,122,142,22.2297
0.20389,15.70311,94.11233,122,142,22.50703
0.20417,17.5625,93.46411,122,142,22.59774
0.20444,17.31278,94.06331,124,141,22.22762
0.20472,15.32071,96.30293,124,141,22.76405
0.205,12.48232,98.53427,124,141,22.43266
0.20528,9.53545,100.66335,124,141,22.42841
0.20556,6.95129,102.88512,124,141,22.67562
0.20583,6.11716,103.41922,124,141,22.15666
0.20611,7.39887,102.29456,124,141,22.57574
0.20639,9.67823,100.3087,124,141,22.38974
0.20667,12.67852,97.5621,124,141,22.38948
0.20694,13.77888,96.47308,124,141,22.78287
0.20722,13.35093,96.61488,124,141,22.26211
0.2075,11.8594,97.58621,124,141,22.66344
0.20778,10.43852,99.04029,124,141,22.53424
0.20806,9.93863,99.59841,124,141,22.2463
0.20833,9.27405,100.73161,124,141,22.66913
0.20861,9.76494,101.03211,124,141,22.21922
0.20889,10.60273,100.77662,122,140,22.49695
0.20917,12.6118,99.42137,122,140,22.63668
0.20944,14.60112,97.52479,122,140,22.2565
0.20972,15.98792,95.74606,122,140,22.77778
0.21,16.03795,94.70416,122,140,22.3872
0.21028,14.53844,94.96096,122,140,22.35626
0.21056,12.59485,95.31679,122,140,22.7304
0.21083,10.47541,96.92099,122,140,22.26674
0.21111,9.05853,98.85979,131,139,22.59288
0.21139,9.05232,100.12479,131,139,22.3494
0.21167,9.91803,101.43071,131,139,22.33541
0.21194,11.70867,101.1878,131,139,22.65214
0.21222,13.54117,99.74837,131,139,22.17698
0.2125,15.62541,98.04431,131,139,22.69695
0.21278,15.94788,96.35825,131,139,22.55265
0.21306,14.63087,96.4665,131,139,22.32745
0.21333,12.90383,96.49868,128,141,22.86409
0.21361,10.18437,97.49551,128,141,22.37
0.21389,8.4422,99.03494,128,141,22.62876
0.21417,8.16455,99.60365,128,141,22.65451
0.21444,9.07805,100.81963,128,141,22.27156
0.21472,10.95416,101.47785,128,141,22.7858
0.215,12.96889,101.36099,128,141,22.30262
0.21528,15.08107,100.47331,128,141,22.57146
0.21556,15.7539,98.67748,132,142,22.60167
0.21583,15.07256,96.74353,132,142,22.30409
0.21611,13.6732,95.13153,132,142,22.74278
0.21639,10.97762,94.73377,132,142,22.3312
0.21667,8.76299,95.27067,132,142,22.63535
0.21694,7.85656,96.26743,132,142,22.47214
0.21722,8.21522,98.24617,132,142,22.41731
0.2175,9.83522,100.13636,132,142,22.61933
0.21778,12.4098,101.03884,126,143,22.35377
0.21806,14.74178,101.87795,126,143,22.74373
0.21833,15.87055,100.97377,126,143,22.35094
0.21861,15.90461,99.21915,126,143,22.47723
0.21889,14.50441,97.03632,126,143,22.52622
0.21917,12.08968,95.34995,126,143,22.17602
0.21944,9.64633,94.14297,126,143,22.49452
0.21972,8.17449,94.32851,126,143,22.22136
0.22,7.95387,95.77119,126,143,22.47586
0.22028,8.81299,97.51324,126,143,22.42086
0.22056,11.00512,99.51056,126,143,22.34341
0.22083,13.49357,101.25983,126,143,22.59414
0.22111,15.21747,101.81463,126,143,22.16539
0.22139,15.77999,101.22845,126,143,22.61347
0.22167,15.25704,99.88341,126,143,22.37939
0.22194,13.10946,97.77165,126,143,22.51045
0.22222,10.71857,95.80154,125,143,22.51909
0.2225,8.85685,94.60535,125,143,22.30188
0.22278,7.79959,94.26412,125,143,22.66588
0.22306,8.42191,95.25239,125,143,22.26666
0.22333,10.73284,97.43681,125,143,22.676
0.22361,13.95539,100.30561,125,143,22.53774
0.22389,16.11104,102.09624,125,143,22.32442
0.22417,16.99688,102.77776,125,143,22.70787
0.22444,15.92973,101.84019,119,142,22.19368
0.22472,13.25053,99.57658,119,142,22.51821
0.225,10.66318,97.31371,119,142,22.41206
0.22528,9.08868,95.73639,119,142,22.42981
0.22556,8.48054,94.79314,119,142,22.68224
0.22583,9.41851,95.0023,119,142,22.37916
0.22611,11.05816,96.07679,119,142,22.78477
0.22639,13.51044,98.35945,119,142,22.68204
0.22667,15.4601,100.3845,120,140,22.42303
0.22694,16.16881,102.11905,120,140,22.57887
0.22722,15.81043,102.68349,120,140,22.5675
0.2275,13.32646,101.05083,120,140,22.24127
0.22778,10.49851,99.10908,120,140,22.64512
0.22806,8.77918,96.79919,120,140,22.56327
0.22833,8.48017,95.2764,120,140,22.27716
0.22861,9.65369,94.6639,120,140,22.71814
0.22889,12.02848,95.34226,128,139,22.33748
0.22917,14.25165,96.84059,128,139,22.48415
0.22944,15.54415,98.77086,128,139,22.65882
0.22972,15.6163,100.4295,128,139,22.29305
0.23,14.45242,101.59,128,139,22.81539
0.23028,12.33753,101.3356,128,139,22.51162
0.23056,10.00886,100.26069,128,139,22.41588
0.23083,8.58038,98.49947,128,139,22.61663
0.23111,8.24264,96.396,130,139,22.1883
0.23139,9.21166,94.64378,130,139,22.61668
0.23167,11.42552,94.15836,130,139,22.40399
0.23194,13.85701,94.55744,130,139,22.41573
0.23222,15.38551,95.99363,130,139,22.74656
0.2325,15.58471,98.35129,130,139,22.23672
0.23278,14.43861,100.3412,130,139,22.64344
0.23306,12.23355,101.46336,130,139,22.50181
0.23333,9.87981,101.44424,124,141,22.28948
0.23361,8.41236,100.15907,124,141,22.80182
0.23389,8.11857,98.18798,124,141,22.39617
0.23417,9.14837,96.08761,124,141,22.34747
0.23444,11.48327,94.79137,124,141,22.65014
0.23472,13.92875,94.04213,124,141,22.38361
0.235,15.63004,94.5149,124,141,22.34825
0.23528,16.04929,96.06876,124,141,22.71644
0.23556,15.02829,97.84078,126,142,22.45694
0.23583,12.68779,99.85538,126,142,22.29797
0.23611,10.11889,101.40879,126,142,22.76402
0.23639,8.56408,101.41322,126,142,22.38806
0.23667,8.01536,100.43472,126,142,22.32488
0.23694,8.98398,98.50381,126,142,22.7473
0.23722,11.20994,96.39026,126,142,22.29135
0.2375,13.55093,94.65543,126,142,22.46041
0.23778,15.38453,93.94841,129,143,22.77169
0.23806,15.8814,94.35494,129,143,22.28876
0.23833,15.24103,95.53101,129,143,22.45716
0.23861,13.17203,97.57156,129,143,22.74543
0.23889,10.68934,99.64452,129,143,22.34833
0.23917,8.96828,100.85985,129,143,22.65909
0.23944,8.39228,101.07957,129,143,22.93321
0.23972,9.37003,100.1568,129,143,22.38432
0.24,11.52413,98.24536,128,142,22.5934
0.24028,14.14732,95.89912,128,142,22.64164
0.24056,15.70292,94.31694,128,142,22.17593
0.24083,15.93313,93.92107,128,142,22.64521
0.24111,14.85886,94.53061,128,142,22.56126
0.24139,12.33351,96.43145,128,142,22.34128
0.24167,9.70907,98.7424,128,142,22.74999
0.24194,8.02812,100.52328,128,142,22.30477
0.24222,7.75495,101.62144,136,142,22.49961
0.2425,9.02665,101.5566,136,142,22.45856
0.24278,11.34779,100.3483,136,142,22.3103
0.24306,13.92693,98.36334,136,142,22.68525
0.24333,15.45485,96.44669,136,142,22.29021
0.24361,15.65702,95.22414,136,142,22.63086
0.24389,14.57883,94.47097,136,142,22.55623
0.24417,12.31088,95.33033,136,142,22.35384
0.24444,9.84443,96.94701,129,142,22.67926
0.24472,8.46314,98.84645,129,142,22.40628
0.245,8.48804,100.58489,129,142,22.65362
0.24528,9.69213,101.60336,129,142,22.50529
0.24556,11.88381,101.67191,129,142,22.61527
0.24583,14.02192,100.68381,129,142,22.63731
0.24611,15.18745,98.85256,129,142,22.394
0.24639,15.17033,96.97172,129,142,22.81442
0.24667,14.14223,95.1999,127,140,22.37246
0.24694,11.99206,94.61165,127,140,22.52918
0.24722,9.76383,95.13793,127,140,22.6969
0.2475,8.39579,96.58146,127,140,22.35624
0.24778,8.28879,98.45374,127,140,22.84878
0.24806,9.41075,100.41605,127,140,22.52347
0.24833,11.93271,101.60718,127,140,22.45063
0.24861,14.27933,101.76311,127,140,22.7364
0.24889,15.64418,100.75533,124,140,22.20958
0.24917,15.77842,98.96272,124,140,22.56758
0.24944,14.1834,96.79976,124,140,22.56343
0.24972,11.91069,95.32111,124,140,22.2671
0.25,9.52648,94.46333,124,140,22.72412
0.25028,8.21609,94.86344,124,140,22.32074
0.25056,8.22038,96.28943,124,140,22.45886
0.25083,9.47356,98.09899,124,140,22.6078
0.25111,12.00855,100.11584,121,142,22.28662
0.25139,14.37783,101.60015,121,142,22.76603
0.25167,15.634,101.75618,121,142,22.33581
0.25194,15.72515,100.88177,121,142,22.49726
0.25222,14.14726,98.93858,121,142,22.64727
0.2525,11.60351,96.72267,121,142,22.26047
0.25278,9.26721,94.90946,121,142,22.7256
0.25306,7.96856,94.28815,121,142,22.34113
0.25333,8.13799,94.83308,120,141,22.51087
0.25361,9.93713,96.53561,120,141,22.77169
0.25389,12.52232,98.828,120,141,22.34773
0.25417,14.80442,100.88005,120,141,22.82444
0.25444,15.9213,101.94601,120,141,22.43933
0.25472,15.40825,101.74314,120,141,22.44502
0.255,13.95192,100.84712,120,141,22.65424
0.25528,11.49749,98.9082,120,141,22.24511
0.25556,9.40462,96.88053,121,142,22.66418
0.25583,8.52622,95.5333,121,142,22.30291
0.25611,8.78831,94.72983,121,142,22.50013
0.25639,10.43773,95.18557,121,142,22.68077
0.25667,12.62858,96.71845,121,142,22.31388
0.25694,14.71579,98.63432,121,142,22.80001
0.25722,15.58477,100.42001,121,142,22.39283
0.2575,15.32311,101.73072,121,142,22.45327
0.25778,14.14619,102.20587,124,143,22.7404
0.25806,11.94048,101.27181,124,143,22.32451
0.25833,9.73378,99.62749,124,143,22.73139
0.25861,8.60426,97.68749,124,143,22.43007
0.25889,8.58987,95.82632,124,143,22.46286
0.25917,9.75554,94.6766,124,143,22.69018
0.25944,12.10244,95.01324,124,143,22.34937
0.25972,14.31466,96.00912,124,143,22.83342
0.26,15.51635,97.64536,135,142,22.43648
0.26028,15.62684,99.58435,135,142,22.56576
0.26056,14.46129,101.15469,135,142,22.59428
0.26083,12.32609,101.84756,135,142,22.37829
0.26111,10.10405,101.75309,135,142,22.64047
0.26139,8.74878,100.57133,135,142,22.50785
0.26167,8.49527,98.62786,135,142,22.73153
0.26194,9.61018,96.57638,135,142,22.52247
0.26222,11.7496,95.32433,127,143,22.71517
0.2625,13.80121,94.80187,127,143,22.47449
0.26278,15.29723,95.41074,127,143,22.41021
0.26306,15.44908,96.89794,127,143,22.71007
0.26333,14.65452,98.7371,127,143,22.21571
0.26361,12.84949,100.30267,127,143,22.64493
0.26389,10.58114,101.80842,127,143,22.61052
0.26417,9.03429,102.11182,127,143,22.45059
0.26444,8.34918,101.3856,126,140,22.8397
0.26472,8.98967,100.04793,126,140,22.35448
0.265,10.82332,97.94601,126,140,22.4999
0.26528,13.17312,95.90693,126,140,22.51856
0.26556,14.94203,94.86306,126,140,22.30594
0.26583,15.89376,94.56322,126,140,22.81865
0.26611,15.79196,95.14648,126,140,22.41241
0.26639,14.01546,96.93388,126,140,22.6367
0.26667,11.81825,98.77809,129,139,22.63191
0.26694,9.88171,100.42453,129,139,22.41205
0.26722,8.48072,101.63657,129,139,22.6745
0.2675,8.62647,101.77087,129,139,22.3185
0.26778,10.34182,100.60636,129,139,22.62162
0.26806,12.42102,98.99519,129,139,22.41311
0.26833,14.42764,97.22026,129,139,22.57083
0.26861,15.64339,95.55431,129,139,22.61485
0.26889,15.4362,94.75893,123,141,22.33224
0.26917,13.89534,95.13737,123,141,22.64427
0.26944,11.79776,96.13944,123,141,22.28459
0.26972,9.86731,97.89345,123,141,22.61072
0.27,8.47472,99.73095,123,141,22.41671
0.27028,8.38368,101.33779,123,141,22.4169
0.27056,9.76947,101.8902,123,141,22.5788
0.27083,11.76157,101.63791,123,141,22.24802
0.27111,13.9158,100.35985,134,142,22.67946
0.27139,15.41018,98.35014,134,142,22.28611
0.27167,15.59911,96.33985,134,142,22.40639
0.27194,14.41743,95.00446,134,142,22.58481
0.27222,12.44553,94.3521,134,142,22.25477
0.2725,10.27824,95.11868,134,142,22.67431
0.27278,8.75489,96.82087,134,142,22.28809
0.27306,8.35339,98.9399,134,142,22.42235
0.27333,9.49441,100.69204,116,143,22.50421
0.27361,11.47081,101.95182,116,143,22.28308
0.27389,13.67473,101.93065,116,143,22.70871
0.27417,15.44685,100.83592,116,143,22.32459
0.27444,15.93293,99.15196,116,143,22.60395
0.27472,14.91153,97.06353,116,143,22.55495
0.275,12.8311,95.23491,116,143,22.36635
0.27528,10.34191,94.50423,116,143,22.63666
0.27556,8.53125,94.7958,121,143,22.2939
0.27583,7.92778,96.00167,121,143,22.63493
0.27611,9.06614,98.17119,121,143,22.41949
0.27639,10.69522,99.90178,121,143,22.50043
0.27667,12.62213,100.94441,121,143,22.63118
0.27694,14.37325,101.42679,121,143,22.20407
0.27722,15.06894,100.88552,121,143,22.6766
0.2775,14.52367,99.70218,121,143,22.30146
0.27778,12.82807,97.97828,126,143,22.41962
0.27806,10.76372,96.28059,126,143,22.58259
0.27833,8.66833,94.95213,126,143,22.37244
0.27861,7.87594,94.58523,126,143,22.7334
0.27889,8.81512,95.64164,126,143,22.37335
0.27917,10.49638,97.08307,126,143,22.62326
0.27944,12.71255,99.03184,126,143,22.38759
0.27972,14.76925,100.83813,126,143,22.35992
0.28,15.8148,102.04263,125,142,22.53603
0.28028,15.41697,102.18026,125,142,22.22962
0.28056,14.09391,101.68247,125,142,22.61428
0.28083,12.0728,100.31176,125,142,22.33778
0.28111,9.75802,98.51045,125,142,22.63909
0.28139,8.23264,96.77794,125,142,22.5522
0.28167,7.87775,95.48195,125,142,22.47105
0.28194,8.48858,94.63228,125,142,22.68627
0.28222,10.3198,95.09943,119,141,22.34857
0.2825,12.64035,96.13002,119,141,22.69566
0.28278,14.79039,97.84301,119,141,22.38425
0.28306,15.59149,99.58338,119,141,22.58269
0.28333,15.73342,101.24535,119,141,22.46882
0.28361,14.5088,102.07718,119,141,22.44522
0.28389,12.45855,102.20193,119,141,22.60046
0.28417,10.51623,101.65185,119,141,22.36195
0.28444,8.80311,100.10702,119,140,22.70124
0.28472,7.67805,98.47889,119,140,22.39687
0.285,8.08692,96.97176,119,140,22.64741
0.28528,9.51803,95.57283,119,140,22.43233
0.28556,11.64558,94.94038,119,140,22.5133
0.28583,13.83407,95.33375,119,140,22.57063
0.28611,15.65612,96.1723,119,140,22.35545
0.28639,16.01634,98.08141,119,140,22.70366
0.28667,15.2199,100.10799,128,141,22.36755
0.28694,13.57563,101.84957,128,141,22.69239
0.28722,11.29251,102.67577,128,141,22.46557
0.2875,9.35482,102.73613,128,141,22.52209
0.28778,8.29905,101.64679,128,141,22.61681
0.28806,8.17564,100.25098,128,141,22.3264
0.28833,9.50466,98.21706,128,141,22.79017
0.28861,11.34417,96.53751,128,141,22.37835
0.28889,13.61536,95.11571,130,143,22.60519
0.28917,15.39424,94.42022,130,143,22.56497
0.28944,15.81659,95.11739,130,143,22.44995
0.28972,15.45553,96.38356,130,143,22.68533
0.29,13.61371,98.31923,130,143,22.43802
0.29028,11.30355,100.43309,130,143,22.70953
0.29056,9.41707,101.76082,130,143,22.38328
0.29083,8.2447,102.44309,130,143,22.60111
0.29111,8.3323,102.19278,126,143,22.4978
0.29139,9.68475,100.81884,126,143,22.40923
0.29167,11.78286,98.99342,126,143,22.74801
0.29194,13.77091,97.1255,126,143,22.29277
0.29222,15.33017,95.39126,126,143,22.68677
0.2925,15.66851,94.52395,126,143,22.35576
0.29278,14.42796,94.92129,126,143,22.40641
0.29306,12.45175,96.01222,126,143,22.6422
0.29333,10.37386,97.88913,123,145,22.25391
0.29361,8.54859,99.81977,123,145,22.75074
0.29389,7.93075,101.45122,123,145,22.36288
0.29417,9.00664,101.90421,123,145,22.46828
0.29444,10.69216,101.76123,123,145,22.6131
0.29472,12.95534,100.44236,123,145,22.18462
0.295,14.82753,98.61949,123,145,22.60786
0.29528,15.80083,96.79717,123,145,22.25758
0.29556,15.32738,95.41978,128,144,22.47342
0.29583,13.98076,94.51382,128,144,22.54765
0.29611,11.93863,94.78252,128,144,22.30928
0.29639,9.85182,95.81086,128,144,22.72321
0.29667,8.4333,97.36597,128,144,22.27737
0.29694,8.51055,99.17135,128,144,22.6345
0.29722,9.44844,100.90273,128,144,22.51836
0.2975,11.27117,101.60445,128,144,22.4388
0.29778,13.44675,101.68113,124,141,22.58316
0.29806,15.09786,100.97241,124,141,22.32403
0.29833,15.70729,99.11331,124,141,22.61706
0.29861,15.36115,97.25209,124,141,22.29649
0.29889,13.83999,95.67759,124,141,22.59757
0.29917,11.55564,94.52071,124,141,22.45293
0.29944,9.50779,94.29515,124,141,22.24448
0.29972,8.36223,95.27227,124,141,22.67014
0.3,8.28493,96.82921,121,142,22.20875
0.30028,9.67365,98.86242,121,142,22.6058
0.30056,11.84858,100.73837,121,142,22.50375
0.30083,14.10459,101.99605,121,142,22.31807
0.30111,15.49794,101.81066,121,142,22.67089
0.30139,15.9185,101.03037,121,142,22.16445
0.30167,14.76048,99.40887,121,142,22.56013
0.30194,12.55012,97.2852,121,142,22.41487
0.30222,10.35196,95.44797,132,141,22.26206
0.3025,8.58271,94.51601,132,141,22.70864
0.30278,7.95971,94.45847,132,141,22.19049
0.30306,8.89881,95.74651,132,141,22.52456
0.30333,10.85329,97.6722,132,141,22.38586
0.30361,13.18895,99.81444,132,141,22.30111
0.30389,15.04316,101.4216,132,141,22.60216
0.30417,16.05259,102.54001,132,141,22.30429
0.30444,15.44092,102.30203,125,139,22.76184
0.30472,13.55263,101.0285,125,139,22.42029
0.305,11.25693,99.23016,125,139,22.42057
0.30528,8.98758,97.04511,125,139,22.66479
0.30556,7.74784,95.2357,125,139,22.15356
0.30583,8.0711,94.54477,125,139,22.65643
0.30611,9.67868,94.88296,125,139,22.48223
0.30639,12.02108,96.06167,125,139,22.52934
0.30667,14.07235,97.88554,126,144,22.6905
0.30694,15.6248,99.9916,126,144,22.38327
0.30722,15.65431,101.36186,126,144,22.71328
0.3075,14.39989,102.08572,126,144,22.31132
0.30778,12.38191,101.92951,126,144,22.60822
0.30806,10.11692,100.44283,126,144,22.51166
0.30833,8.37074,98.62362,126,144,22.39472
0.30861,7.85772,96.77934,126,144,22.71463
0.30889,8.7622,95.238,125,140,22.38972
0.30917,10.57241,94.56059,125,140,22.78489
0.30944,12.96058,95.20715,125,140,22.4545
0.30972,15.09609,96.35926,125,140,22.52637
0.31,15.94061,98.21832,125,140,22.63361
0.31028,15.62363,100.0162,125,140,22.23536
0.31056,14.10631,101.60294,125,140,22.79043
0.31083,11.89112,102.23887,125,140,22.35882
0.31111,9.72157,102.17832,125,145,22.47353
0.31139,8.43248,101.07707,125,145,22.58685
0.31167,8.3687,99.17258,125,145,22.28598
0.31194,9.38205,97.25995,125,145,22.60824
0.31222,11.4838,95.75056,125,145,22.3103
0.3125,13.7825,94.78443,125,145,22.61263
0.31278,15.34164,95.01525,125,145,22.40154
0.31306,16.00817,96.08907,125,145,22.45487
0.31333,15.3162,97.76146,119,146,22.6889
0.31361,13.35759,99.66361,119,146,22.13827
0.31389,10.87961,101.43248,119,146,22.58177
0.31417,8.96188,102.18452,119,146,22.28972
0.31444,8.08781,102.09105,119,146,22.38488
0.31472,8.5959,100.92994,119,146,22.48738
0.315,10.42501,99.0564,119,146,22.31272
0.31528,12.72247,97.0123,119,146,22.62067
0.31556,14.65303,95.57076,133,144,22.19021
0.31583,15.64471,94.98656,133,144,22.56343
0.31611,15.50185,95.28207,133,144,22.48299
0.31639,13.82162,96.85701,133,144,22.16138
0.31667,11.57067,98.78896,133,144,22.7408
0.31694,9.49273,100.69417,133,144,22.41565
0.31722,8.34571,101.93645,133,144,22.32933
0.3175,8.63734,102.1449,133,144,22.79914
0.31778,10.39633,101.05,130,142,22.32961
0.31806,12.64402,99.43276,130,142,22.15471
0.31833,14.53586,97.54631,130,142,22.5655
0.31861,15.63723,95.7678,130,142,22.31812
0.31889,15.26939,94.9838,130,142,22.21824
0.31917,13.76406,95.39056,130,142,22.73886
0.31944,11.3736,96.77518,130,142,22.64973
0.31972,9.32277,98.68536,130,142,22.31812
0.32,8.42579,100.629,124,139,22.77758
0.32028,8.61027,102.07938,124,139,22.52526
0.32056,10.52848,102.15775,124,139,22.1238
0.32083,12.86131,101.46687,124,139,22.6729
0.32111,14.62066,99.84224,124,139,22.61182
0.32139,15.62152,97.87035,124,139,22.3792
0.32167,15.23961,96.11417,124,139,22.83654
0.32194,13.45355,95.21317,124,139,22.73512
0.32222,11.26079,95.14854,125,140,22.32406
0.3225,9.33563,96.27021,125,140,22.61253
0.32278,8.17595,98.15656,125,140,22.60205
0.32306,8.51954,100.16922,125,140,22.13903
0.32333,10.29471,101.56796,125,140,22.56656
0.32361,12.59017,102.36614,125,140,22.75656
0.32389,14.64984,101.97806,125,140,22.27071
0.32417,15.82834,100.72684,125,140,22.72439
0.32444,15.62223,98.76761,126,142,22.67064
0.32472,14.04875,96.84628,126,142,22.25281
0.325,11.82901,95.13618,126,142,22.79775
0.32528,9.84406,94.68527,126,142,22.41684
0.32556,8.3846,95.18795,126,142,22.40527
0.32583,7.99159,96.46415,126,142,22.51918
0.32611,9.1519,98.45952,126,142,22.25768
0.32639,10.95672,100.36103,126,142,22.40596
0.32667,13.13969,101.69769,123,144,22.3341
0.32694,14.89339,102.20386,123,144,22.56794
0.32722,15.81537,101.96559,123,144,22.38166
0.3275,15.08138,100.59955,123,144,22.68478
0.32778,13.5004,98.82871,123,144,22.47814
0.32806,11.47557,97.0575,123,144,22.55512
0.32833,9.38267,95.53363,123,144,22.62268
0.32861,8.13783,94.74712,123,144,22.48133
0.32889,8.62514,95.46761,120,143,22.65289
0.32917,9.81159,96.47834,120,143,22.42601
0.32944,11.83306,98.252,120,143,22.64953
0.32972,14.096,100.1816,120,143,22.36016
0.33,15.55864,101.54577,120,143,22.61775
0.33028,16.04953,102.30281,120,143,22.35224
0.33056,15.55353,102.54131,120,143,22.45937
0.33083,13.90043,101.55442,120,143,22.60709
0.33111,11.57772,99.94471,139,143,22.28541
0.33139,9.38862,97.93107,139,143,22.70742
0.33167,8.09797,96.03751,139,143,22.27239
0.33194,7.92042,94.66782,139,143,22.51098
0.33222,9.28576,94.56767,139,143,22.36549
0.3325,11.46334,95.38368,139,143,22.40063
0.33278,14.02147,97.05631,139,143,22.58178
0.33306,15.61072,99.02722,139,143,22.32908
0.33333,16.2516,101.0718,128,141,22.77358
0.33361,15.36042,102.22255,128,141,22.33808
0.33389,13.13931,102.32326,128,141,22.60788
0.33417,10.73513,101.5622,128,141,22.46707
0.33444,8.73576,99.74765,128,141,22.31398
0.33472,7.82727,97.63338,128,141,22.64736
0.335,8.72231,96.03641,128,141,22.2133
0.33528,10.66839,95.08436,128,141,22.64793
0.33556,13.14679,95.0911,127,140,22.4032
0.33583,15.08704,96.42696,127,140,22.09267
0.33611,15.8233,98.16761,127,140,22.24555
0.33639,15.01533,100.06827,127,140,22.23744
0.33667,12.92063,101.56004,127,140,22.18772
0.33694,10.51927,102.1905,127,140,22.6499
0.33722,8.75337,101.43794,127,140,22.66225
0.3375,8.14032,99.82472,127,140,22.28413
0.33778,9.04521,97.82445,126,141,22.78323
0.33806,11.07859,95.97746,126,141,22.34333
0.33833,13.3905,94.92674,126,141,22.29968
0.33861,15.11063,95.22401,126,141,22.68673
0.33889,15.56039,96.47596,126,141,22.20072
0.33917,14.54614,98.34586,126,141,22.56589
0.33944,12.39731,100.43312,126,141,22.68653
0.33972,10.03297,101.87499,126,141,22.40454
0.34,8.58062,102.12853,124,138,22.85001
0.34028,8.1908,101.46329,124,138,22.4501
0.34056,9.27423,99.82162,124,138,22.58909
0.34083,11.44804,97.89599,124,138,22.63005
0.34111,13.78314,95.98576,124,138,22.22499
0.34139,15.32237,95.23254,124,138,22.73184
0.34167,15.63658,95.30089,124,138,22.32193
0.34194,14.55319,96.40195,124,138,22.41111
0.34222,12.26666,98.30168,133,141,22.69378
0.3425,10.23685,100.06669,133,141,22.4305
0.34278,8.96584,101.30262,133,141,22.80432
0.34306,8.54287,102.10992,133,141,22.50505
0.34333,9.71139,101.55582,133,141,22.64562
0.34361,11.64604,100.34134,133,141,22.49389
0.34389,13.7381,98.59213,133,141,22.37789
0.34417,15.46407,96.72334,133,141,22.68364
0.34444,15.99171,95.32227,129,141,22.22367
0.34472,14.9183,95.1087,129,141,22.65722
0.345,12.85405,95.73751,129,141,22.43898
0.34528,10.4706,97.1678,129,141,22.41026
0.34556,8.63652,99.06519,129,141,22.80865
0.34583,7.77252,100.82505,129,141,22.27849
0.34611,8.31418,102.04148,129,141,22.71332
0.34639,10.10708,102.40739,129,141,22.54442
0.34667,12.42353,101.80621,125,143,22.22592
0.34694,14.57913,100.16809,125,143,22.7235
0.34722,15.84623,98.17258,125,143,22.23746
0.3475,15.44819,96.22729,125,143,22.5479
0.34778,13.70626,94.86762,125,143,22.66152
0.34806,11.48405,94.53404,125,143,22.43816
0.34833,9.41376,95.53725,125,143,22.80907
0.34861,8.14632,97.30403,125,143,22.37336
0.34889,8.42817,99.36417,126,143,22.61379
0.34917,9.92947,101.00447,126,143,22.5849
0.34944,12.17388,102.02703,126,143,22.25256
0.34972,14.37705,101.74864,126,143,22.77659
0.35,15.6301,100.45581,126,143,22.44084
0.35028,15.15961,98.83175,126,143,22.40845
0.35056,13.59189,96.74003,126,143,22.7707
0.35083,11.52897,95.16192,126,143,22.39443
0.35111,9.555,94.82631,127,147,22.77221
0.35139,8.50252,95.12062,127,147,22.61849
0.35167,8.69714,96.6859,127,147,22.51422
0.35194,10.23324,98.75872,127,147,22.71424
0.35222,12.56645,100.67473,127,147,22.21092
0.3525,14.71734,101.6457,127,147,22.67532
0.35278,15.96535,101.74628,127,147,22.43551
0.35306,15.50105,100.54777,127,147,22.46409
0.35333,13.61597,98.66157,127,138,22.77656
0.35361,11.57415,96.81432,127,138,22.39552
0.35389,9.42129,95.25799,127,138,22.85589
0.35417,8.3059,94.4221,127,138,22.51261
0.35444,8.78899,94.97044,127,138,22.48538
0.35472,9.96349,95.98266,127,138,22.74184
0.355,12.16825,97.8196,127,138,22.25071
0.35528,14.17062,99.67652,127,138,22.71614
0.35556,15.3824,101.19122,116,141,22.61198
0.35583,15.31152,101.64432,116,141,22.4108
0.35611,13.81345,100.97669,116,141,22.82744
0.35639,11.50348,99.37751,116,141,22.4171
0.35667,9.29221,97.23128,116,141,22.69749
0.35694,8.04605,95.4597,116,141,22.62185
0.35722,8.44444,94.48826,116,141,22.44192
0.3575,10.10755,94.44569,116,141,22.82272
0.35778,12.34115,95.41894,123,141,22.30568
0.35806,14.44232,97.27048,123,141,22.65258
0.35833,15.45665,99.17664,123,141,22.59336
0.35861,15.45833,100.7419,123,141,22.31726
0.35889,14.02772,101.50114,123,141,22.84529
0.35917,11.96564,101.24193,123,141,22.4323
0.35944,10.0228,100.02329,123,141,22.68608
0.35972,8.39535,98.09696,123,141,22.72295
0.36,8.56412,96.37462,126,142,22.37574
0.36028,9.97508,94.91254,126,142,22.84593
0.36056,12.14992,94.15061,126,142,22.41103
0.36083,14.39833,94.5573,126,142,22.62051
0.36111,15.81222,95.71272,126,142,22.57995
0.36139,15.76216,97.48869,126,142,22.39008
0.36167,14.41555,99.16071,126,142,22.72295
0.36194,12.05634,100.89612,126,142,22.45612
0.36222,9.89831,101.56253,117,147,22.75313
0.3625,8.37432,101.31229,117,147,22.46786
0.36278,8.2607,100.40963,117,147,22.57007
0.36306,9.54188,98.45617,117,147,22.54649
0.36333,11.37438,96.61889,117,147,22.24696
0.36361,13.39317,95.68858,117,147,22.74052
0.36389,14.74533,95.3376,117,147,22.312
0.36417,14.94521,96.18548,117,147,22.53952
0.36444,14.28193,97.3632,126,143,22.63412
0.36472,12.66136,98.94435,126,143,22.26134
0.365,10.77248,100.43037,126,143,22.56957
0.36528,9.02352,101.72917,126,143,22.28071
0.36556,8.18682,102.12686,126,143,22.56305
0.36583,8.60594,101.65773,126,143,22.57679
0.36611,10.05953,100.49541,126,143,22.49083
0.36639,12.29664,98.63865,126,143,22.82963
0.36667,14.4162,96.65963,125,146,22.30196
0.36694,15.41889,95.5018,125,146,22.65201
0.36722,15.00091,95.40211,125,146,22.53249
0.3675,13.53067,96.15453,125,146,22.25735
0.36778,11.49709,97.75047,125,146,22.70968
0.36806,9.41514,99.5574,125,146,22.21659
0.36833,8.35649,100.75342,125,146,22.50101
0.36861,8.11943,101.87409,125,146,22.59445
0.36889,9.12086,101.99501,125,142,22.27112
0.36917,11.05494,101.37472,125,142,22.76818
0.36944,13.23482,100.28922,125,142,22.34035
0.36972,14.83178,98.42306,125,142,22.47596
0.37,14.87687,96.71012,125,142,22.63471
0.37028,13.766,95.30154,125,142,22.18619
0.37056,11.7021,95.08748,125,142,22.67785
0.37083,9.17383,95.96659,125,142,22.35501
0.37111,7.95797,97.69353,119,143,22.48572
0.37139,7.64099,99.66039,119,143,22.6168
0.37167,8.74857,101.29868,119,143,22.27311
0.37194,11.13261,101.78487,119,143,22.7403
0.37222,13.55804,101.84218,119,143,22.33621
0.3725,15.41288,100.93256,119,143,22.59259
0.37278,16.36769,99.50687,119,143,22.51622
0.37306,15.51921,97.41281,119,143,22.27182
0.37333,13.44641,96.08019,122,144,22.57172
0.37361,11.06771,94.93515,122,144,22.21948
0.37389,8.75146,94.9454,122,144,22.66002
0.37417,8.34932,96.5089,122,144,22.49707
0.37444,8.75618,98.04658,122,144,22.42279
0.37472,10.50925,99.84192,122,144,22.72908
0.375,12.8444,101.46027,122,144,22.23725
0.37528,14.30232,101.88134,122,144,22.67207
0.37556,15.70294,102.16312,126,146,22.47283
0.37583,15.68081,101.44801,126,146,22.36636
0.37611,14.09425,99.6618,126,146,22.57446
0.37639,11.94811,97.71549,126,146,22.21608
0.37667,9.5684,95.87807,126,146,22.69577
0.37694,,94.67737,126,146,22.41635
0.37722,7.95282,94.67494,126,146,22.6202
0.3775,7.79773,95.62427,126,146,22.52579
0.37778,8.87386,97.09773,128,139,22.33155
0.37806,10.87386,98.97607,128,139,22.64573
0.37833,13.05386,100.51804,128,139,22.20192
0.37861,14.72487,101.86315,128,139,22.5878
0.37889,15.54945,101.90929,128,139,22.37744
0.37917,14.61877,101.369,128,139,22.23086
0.37944,12.81602,99.77614,128,139,22.76009
0.37972,10.46568,97.82768,128,139,22.56127
0.38,8.63792,96.00659,125,139,22.44435
0.38028,7.82624,94.80611,125,139,22.76594
0.38056,8.37756,94.63583,125,139,22.4281
0.38083,10.13077,95.54603,125,139,22.32182
0.38111,12.43441,97.01559,125,139,22.81519
0.38139,14.396,98.75528,125,139,22.35793
0.38167,15.51628,100.61049,125,139,22.60631
0.38194,15.51645,101.98153,125,139,22.5928
0.38222,14.17594,102.04595,127,144,22.29548
0.3825,12.0447,101.48167,127,144,22.66652
0.38278,9.84944,99.87797,127,144,22.24202
0.38306,8.36774,97.86043,127,144,22.61019
0.38333,8.01648,96.01659,127,144,22.58867
0.38361,8.58393,94.85832,127,144,22.40446
0.38389,10.36538,94.51045,127,144,22.82939
0.38417,12.42699,95.34881,127,144,22.32404
0.38444,13.95467,97.02605,126,144,22.59198
0.38472,14.59826,98.96443,126,144,22.40107
0.385,14.17892,100.79749,126,144,22.36584
0.38528,12.4632,101.82652,126,144,22.66658
0.38556,10.7047,102.05711,126,144,22.32827
0.38583,9.15865,101.4406,126,144,22.74476
0.38611,8.24803,100.06032,126,144,22.35132
0.38639,8.61613,98.16397,126,144,22.48262
0.38667,10.10195,96.22165,128,142,22.56983
0.38694,12.71911,94.97397,128,142,22.33041
0.38722,14.8673,94.71231,128,142,22.67937
0.3875,16.00681,95.18035,128,142,22.26554
0.38778,16.22602,97.20221,128,142,22.55151
0.38806,14.46045,99.12477,128,142,22.4126
0.38833,12.32418,101.06425,128,142,22.34378
0.38861,10.02834,102.3168,128,142,22.66097
0.38889,8.35894,102.67602,121,140,22.21671
0.38917,7.89333,101.84951,121,140,22.64066
0.38944,8.94549,100.25536,121,140,22.48481
0.38972,10.89922,98.33142,121,140,22.3949
0.39,13.15612,96.40389,121,140,22.65714
0.39028,15.17729,94.90548,121,140,22.18013
0.39056,16.20521,94.73271,121,140,22.55972
0.39083,15.57676,95.52412,121,140,22.38604
0.39111,13.79452,97.04153,123,141,22.44512
0.39139,11.38031,98.97686,123,141,22.78476
0.39167,9.20365,100.57989,123,141,22.31123
0.39194,8.19564,101.35329,123,141,22.73931
0.39222,8.57163,101.57677,123,141,22.47285
0.3925,10.03705,101.29768,123,141,22.40394
0.39278,12.16264,99.93755,123,141,22.60061
0.39306,14.2303,98.35361,123,141,22.21604
0.39333,15.45469,96.84351,126,137,22.65225
0.39361,15.45269,95.50604,126,137,22.41674
0.39389,14.42052,95.31204,126,137,22.52227
0.39417,12.32232,96.28767,126,137,22.69655
0.39444,10.35408,97.82101,126,137,22.23052
0.39472,8.82831,99.52943,126,137,22.67924
0.395,8.43927,101.04267,126,137,22.46492
0.39528,9.47481,101.88231,126,137,22.39003
0.39556,11.16895,101.58675,126,139,22.70595
0.39583,13.19323,100.66809,126,139,22.32808
0.39611,14.99589,98.99503,126,139,22.65565
0.39639,15.15113,96.90105,126,139,22.47586
0.39667,14.01873,95.34499,126,139,22.4871
0.39694,11.99597,94.84212,126,139,22.74828
0.39722,9.62376,95.19722,126,139,22.31447
0.3975,8.2133,96.84427,126,139,22.79767
0.39778,8.26889,98.78094,129,141,22.48331
0.39806,9.64713,100.58561,129,141,22.44538
0.39833,11.4832,101.72855,129,141,22.70662
0.39861,13.60216,102.12982,129,141,22.38856
0.39889,15.08715,101.21484,129,141,22.74655
0.39917,15.17764,99.63216,129,141,22.4703
0.39944,14.24234,97.65318,129,141,22.65136
0.39972,12.22052,96.07295,129,141,22.61011
0.4,10.10366,95.08625,119,139,22.40704
0.40028,8.60355,95.13693,119,139,22.81648
0.40056,8.27664,96.22229,119,139,22.31794
0.40083,9.47046,97.70306,119,139,22.43487
0.40111,11.14952,99.74766,119,139,22.68539
0.40139,13.45742,101.41303,119,139,22.25218
0.40167,15.20959,102.05009,119,139,22.52343
0.40194,15.59687,102.04916,119,139,22.77156
0.40222,15.00991,100.86048,128,139,22.30874
0.4025,13.07982,99.28401,128,139,22.62449
0.40278,10.96668,97.42451,128,139,22.79997
0.40306,9.06041,95.9466,128,139,22.3135
0.40333,8.30517,95.21056,128,139,22.59285
0.40361,8.96077,95.24127,128,139,22.68826
0.40389,10.47281,96.45129,128,139,22.29892
0.40417,12.77039,98.20184,128,139,22.75693
0.40444,14.83891,100.07828,126,146,22.74738
0.40472,15.76197,101.58314,126,146,22.43689
0.405,15.44254,102.31402,126,146,22.79064
0.40528,13.99237,101.88382,126,146,22.35968
0.40556,11.85753,100.7963,126,146,22.56408
0.40583,9.65075,99.11339,126,146,22.75538
0.40611,8.52845,97.22869,126,146,22.74868
0.40639,8.49409,95.85435,126,146,22.74116
0.40667,9.37786,95.29782,124,141,22.69
0.40694,11.4524,95.31544,124,141,22.41697
0.40722,13.83503,96.47883,124,141,22.26199
0.4075,15.3338,98.01708,124,141,22.80122
0.40778,15.98881,99.9369,124,141,22.39383
0.40806,15.53058,101.67958,124,141,22.6281
0.40833,13.22769,102.70227,124,141,22.85643
0.40861,11.08196,102.59657,124,141,22.31168
0.40889,9.3545,101.5978,123,145,22.66486
0.40917,8.11197,99.88728,123,145,22.76204
0.40944,8.37703,98.13264,123,145,22.32066
0.40972,9.59749,96.24118,123,145,22.80604
0.41,11.55787,95.34003,123,145,22.41306
0.41028,13.56879,94.9891,123,145,22.40966
0.41056,15.42182,95.45139,123,145,22.7061
0.41083,16.15859,96.94876,123,145,22.3075
0.41111,15.33328,98.61566,124,147,22.78282
0.41139,13.5956,100.19228,124,147,22.45537
0.41167,11.29442,101.34292,124,147,22.62597
0.41194,9.32489,101.78693,124,147,22.78795
0.41222,8.22303,101.09998,124,147,22.43373
0.4125,8.70996,99.92351,124,147,22.86388
0.41278,10.03394,98.21862,124,147,22.33445
0.41306,12.02878,96.33206,124,147,22.54007
0.41333,14.17418,94.94288,124,138,22.59016
0.41361,15.4595,94.50235,124,138,22.2943
0.41389,15.52687,94.94343,124,138,22.74452
0.41417,14.47481,96.53748,124,138,22.33466
0.41444,12.38082,98.45335,124,138,22.67335
0.41472,10.15952,100.30706,124,138,22.69613
0.415,8.74109,101.32185,124,138,22.42236
0.41528,8.6648,101.52305,124,138,22.75186
0.41556,9.8235,100.51868,119,141,22.26352
0.41583,11.85731,98.79221,119,141,22.54033
0.41611,13.98152,96.88049,119,141,22.6596
0.41639,15.33372,95.40758,119,141,22.38633
0.41667,15.42367,94.64152,119,141,22.89068
0.41694,14.32427,95.03589,119,141,22.41391
0.41722,12.33621,96.32413,119,141,22.47159
0.4175,10.21786,98.03197,119,141,22.6712
0.41778,8.93246,99.67862,125,141,22.25245
0.41806,8.89411,101.1713,125,141,22.68799
0.41833,10.14077,101.35738,125,141,22.35704
0.41861,12.19407,100.78581,125,141,22.50256
0.41889,14.22642,99.39223,125,141,22.71201
0.41917,15.69422,97.45138,125,141,22.30985
0.41944,15.74828,95.68115,125,141,22.76445
0.41972,14.56568,94.71793,125,141,22.32923
0.42,12.5558,94.61182,124,141,22.44951
0.42028,10.28709,95.3367,124,141,22.71664
0.42056,8.64196,97.06065,124,141,22.32887
0.42083,8.43274,99.12733,124,141,22.79354
0.42111,9.50138,100.45203,124,141,22.36469
0.42139,11.31269,101.44474,124,141,22.45312
0.42167,13.61384,101.41945,124,141,22.64527
0.42194,15.29209,100.21384,124,141,22.28721
0.42222,15.63184,98.6129,126,138,22.83258
0.4225,14.76972,96.94764,126,138,22.51333
0.42278,12.87712,95.49592,126,138,22.58747
0.42306,10.61604,94.84115,126,138,22.83953
0.42333,8.80253,95.53786,126,138,22.35792
0.42361,8.39335,96.60125,126,138,22.66532
0.42389,8.9613,98.28511,126,138,22.3095
0.42417,10.66789,100.2014,126,138,22.40682
0.42444,12.91646,101.72936,125,142,22.61732
0.42472,14.87485,102.13357,125,142,22.35723
0.425,15.55016,101.79721,125,142,22.86911
0.42528,15.14815,100.43938,125,142,22.39189
0.42556,13.51387,98.49731,125,142,22.66251
0.42583,11.1589,96.86081,125,142,22.68183
0.42611,9.3851,95.74663,125,142,22.40523
0.42639,8.55681,95.12349,125,142,22.56531
0.42667,8.73058,95.82551,122,137,22.27459
0.42694,10.22228,97.23793,122,137,22.54813
0.42722,12.41209,98.97729,122,137,22.35252
0.4275,14.33966,100.67019,122,137,22.64228
0.42778,15.39897,101.94181,122,137,22.62896
0.42806,15.44674,102.0308,122,137,22.36597
0.42833,14.03339,101.41138,122,137,22.81173
0.42861,11.87134,99.95275,122,137,22.38566
0.42889,9.86421,98.0939,122,140,22.66343
0.42917,8.45564,96.2274,122,140,22.63032
0.42944,8.09718,95.29471,122,140,22.40993
0.42972,9.24913,95.07669,122,140,22.81177
0.43,11.25712,95.87694,122,140,22.33927
0.43028,13.41702,97.56749,122,140,22.69854
0.43056,14.94578,99.35146,122,140,22.61816
0.43083,15.58791,100.91141,122,140,22.4865
0.43111,14.61403,102.02325,132,144,22.87899
0.43139,12.75459,102.08249,132,144,22.40294
0.43167,10.76836,100.93504,132,144,22.74578
0.43194,9.1519,99.43266,132,144,22.61598
0.43222,8.43263,97.56931,132,144,22.50601
0.4325,9.1703,96.047,132,144,22.74367
0.43278,10.79258,95.16895,132,144,22.31658
0.43306,12.74943,95.38107,132,144,22.6882
0.43333,14.47606,96.08587,127,139,22.44661
0.43361,15.51849,97.70922,127,139,22.63825
0.43389,15.11789,99.57587,127,139,22.73182
0.43417,13.60699,101.08864,127,139,22.42443
0.43444,11.74359,101.82397,127,139,22.81646
0.43472,9.92472,102.02464,127,139,22.49773
0.435,8.62174,101.04179,127,139,22.77258
0.43528,8.71241,99.33779,127,139,22.56167
0.43556,10.09771,97.51157,126,142,22.56613
0.43583,12.03935,96.0761,126,142,22.59766
0.43611,13.99845,95.02304,126,142,22.36944
0.43639,15.60668,95.41432,126,142,22.87532
0.43667,15.51962,96.4744,126,142,22.44139
0.43694,14.36792,97.93076,126,142,22.69366
0.43722,12.53569,99.77274,126,142,22.75435
0.4375,10.35333,101.44785,126,142,22.39948
0.43778,8.65651,102.11366,126,139,22.84651
0.43806,8.24749,101.98055,126,139,22.45918
0.43833,9.08176,100.98073,126,139,22.47582
0.43861,10.82443,99.11912,126,139,22.74015
0.43889,13.09157,97.23132,126,139,22.25498
0.43917,14.90305,95.89488,126,139,22.73209
0.43944,15.39883,95.3042,126,139,22.59233
0.43972,14.65572,95.73862,126,139,22.56743
0.44,12.83971,97.19114,126,143,22.81055
0.44028,10.55367,99.02419,126,143,22.4784
0.44056,8.73885,100.67287,126,143,22.75348
0.44083,8.14582,101.83566,126,143,22.36704
0.44111,8.89352,102.20091,126,143,22.58935
0.44139,10.82443,101.34648,126,143,22.65573
0.44167,13.19526,99.77476,126,143,22.38261
0.44194,15.14594,97.96008,126,143,22.79962
0.44222,15.79651,96.20894,126,141,22.37884
0.4425,15.06353,95.11542,126,141,22.6611
0.44278,13.34897,95.24137,126,141,22.63498
0.44306,10.84348,96.22467,126,141,22.475
0.44333,9.01582,98.04849,126,141,22.77252
0.44361,8.39069,100.05024,126,141,22.29361
0.44389,8.98515,101.61328,126,141,22.64466
0.44417,10.78708,102.20416,126,141,22.50585
0.44444,12.98918,101.96437,134,135,22.32671
0.44472,14.87492,100.73659,134,135,22.76016
0.445,15.60497,98.99379,134,135,22.25848
0.44528,15.20186,97.16479,134,135,22.59208
0.44556,13.76837,95.83369,134,135,22.64777
0.44583,11.39845,95.0503,134,135,22.38222
0.44611,9.26839,95.47867,134,135,22.78035
0.44639,8.26315,96.75086,134,135,22.36436
0.44667,8.42624,98.51958,120,145,22.6267
0.44694,9.90533,100.27679,120,145,22.61968
0.44722,12.14093,101.87898,120,145,22.46651
0.4475,14.40786,102.12441,120,145,22.85549
0.44778,15.4528,101.62973,120,145,22.38871
0.44806,15.4534,100.39473,120,145,22.66851
0.44833,14.2547,98.4469,120,145,22.60311
0.44861,12.02065,96.57003,120,145,22.3855
0.44889,9.85562,95.44659,124,141,22.74055
0.44917,8.5097,95.02271,124,141,22.3005
0.44944,8.28646,95.5602,124,141,22.61172
0.44972,9.31185,97.01278,124,141,22.61254
0.45,11.29475,98.89233,124,141,22.38755
0.45028,13.66044,100.67545,124,141,22.86434
0.45056,15.20513,102.00086,124,141,22.4055
0.45083,15.73904,102.44311,124,141,22.58921
0.45111,15.09026,101.59643,122,143,22.79636
0.45139,13.07093,100.3593,122,143,22.3637
0.45167,11.20408,98.63509,122,143,22.83284
0.45194,9.86972,96.8541,122,143,22.49443
0.45222,9.08804,95.74681,122,143,22.57636
0.4525,9.64701,95.61219,122,143,22.83457
0.45278,11.13473,96.0031,122,143,22.36173
0.45306,11.75663,97.49155,122,143,22.81797
0.45333,13.04884,99.39654,124,140,22.51039
0.45361,13.73727,100.82951,124,140,22.46891
0.45389,13.17997,101.69808,124,140,22.8028
0.45417,12.53145,101.79671,124,140,22.69911
0.45444,10.92236,100.52426,124,140,22.64283
0.45472,9.41381,98.86182,124,140,22.56921
0.455,8.62622,97.05714,124,140,22.67289
0.45528,9.29926,95.83881,124,140,22.29981
0.45556,10.99504,95.26677,121,142,22.61582
0.45583,13.18303,95.94485,121,142,22.65912
0.45611,14.87905,97.49717,121,142,22.31512
0.45639,15.56812,99.33363,121,142,22.79442
0.45667,14.9661,101.16251,121,142,22.46183
0.45694,12.92996,102.42174,121,142,22.60932
0.45722,10.69526,102.48987,121,142,22.60508
0.4575,8.84949,101.64625,121,142,22.3693
0.45778,8.06159,99.87396,121,150,22.72622
0.45806,8.74647,97.6632,121,150,22.37196
0.45833,10.76946,95.88367,121,150,22.72098
0.45861,13.00471,95.00836,121,150,22.55217
0.45889,14.98781,94.99863,121,150,22.43752
0.45917,16.00088,96.10099,121,150,22.84249
0.45944,15.42184,,121,150,22.42743
0.45972,13.57586,98.0895,121,150,22.63723
0.46,11.06788,100.1754,126,148,22.44779
0.46028,8.79364,102.04496,126,148,22.52837
0.46056,7.65497,102.93652,126,148,22.57995
0.46083,8.07451,102.63602,126,148,22.41182
0.46111,9.99066,101.0623,126,148,22.7925
0.46139,12.66578,98.82965,126,148,22.29053
0.46167,14.91421,96.78545,126,148,22.45853
0.46194,16.00619,95.31767,126,148,22.64646
0.46222,15.28806,95.11559,132,139,22.21137
0.4625,13.27722,96.1567,132,139,22.65305
0.46278,10.64637,97.92533,132,139,22.52395
0.46306,8.79112,99.8587,132,139,22.28895
0.46333,8.3182,101.43788,132,139,22.78001
0.46361,9.13673,102.24224,132,139,22.43642
0.46389,11.08032,101.88088,132,139,22.48389
0.46417,13.41266,100.58701,132,139,22.83161
0.46444,14.84988,98.95757,130,141,22.3255
0.46472,15.53968,97.15604,130,141,22.68402
0.465,14.76653,95.94624,130,141,22.65227
0.46528,12.86399,95.70909,130,141,22.38103
0.46556,10.54791,96.0418,130,141,22.75177
0.46583,8.73861,97.60177,130,141,22.33574
0.46611,8.21521,99.45783,130,141,22.6566
0.46639,8.76027,101.15637,130,141,22.52954
0.46667,10.71936,102.12333,126,131,22.51336
0.46694,12.99403,102.23074,126,131,22.8896
0.46722,14.61456,101.10724,126,131,22.40084
0.4675,15.41493,99.37612,126,131,22.79488
0.46778,14.93931,97.59961,126,131,22.61743
0.46806,13.30502,96.30758,126,131,22.41189
0.46833,11.17333,95.5754,126,131,22.7232
0.46861,9.44613,96.01157,126,131,22.34251
0.46889,8.62203,97.28962,125,145,22.64483
0.46917,8.84107,98.25845,125,145,22.5203
0.46944,10.23585,99.16452,125,145,22.48302
0.46972,12.28019,100.52811,125,145,22.82834
0.47,14.01354,100.69015,125,145,22.32494
0.47028,15.01516,100.67246,125,145,22.65877
0.47056,14.93544,99.97177,125,145,22.56994
0.47083,13.11102,97.89711,125,145,22.34764
0.47111,10.86253,95.89061,119,151,22.6857
0.47139,8.79923,94.69391,119,151,22.27784
0.47167,7.79026,94.51105,119,151,22.5852
0.47194,8.31243,95.45599,119,151,22.61207
0.47222,10.15344,97.29701,119,151,22.44374
0.4725,12.69133,99.46477,119,151,22.92331
0.47278,14.7702,101.05955,119,151,22.42378
0.47306,16.02166,102.16514,119,151,22.54784
0.47333,15.54811,101.87947,131,142,22.68636
0.47361,13.57033,100.37475,131,142,22.28282
0.47389,11.25023,98.4853,131,142,22.65521
0.47417,8.95647,96.29971,131,142,22.36021
0.47444,8.31273,95.34498,131,142,22.51197
0.47472,8.95999,95.12149,131,142,22.63128
0.475,10.69239,95.83785,131,142,22.39328
0.47528,13.2162,97.58502,131,142,22.90746
0.47556,14.86706,99.16523,124,144,22.54592
0.47583,15.6208,100.92576,124,144,22.52614
0.47611,15.06194,101.90076,124,144,22.8099
0.47639,12.92353,101.57271,124,144,22.26748
0.47667,10.39958,100.34542,124,144,22.56168
0.47694,8.58232,98.39706,124,144,22.58354
0.47722,8.00203,96.40439,124,144,22.28665
0.4775,8.88032,95.19258,124,144,22.77906
0.47778,11.20563,94.87315,125,143,22.43587
0.47806,13.67875,95.60342,125,143,22.49013
0.47833,15.44253,97.39404,125,143,22.83343
0.47861,16.07438,99.51868,125,143,22.34788
0.47889,14.78614,101.16333,125,143,22.64494
0.47917,12.43872,101.97242,125,143,22.70431
0.47944,9.91027,101.63441,125,143,22.29184
0.47972,8.10472,100.02585,125,143,22.77826
0.48,7.87357,97.90261,124,141,22.53155
0.48028,9.12357,95.972,124,141,22.41606
0.48056,11.36861,94.85915,124,141,22.8385
0.48083,13.95927,94.64875,124,141,22.33964
0.48111,15.60688,95.91135,124,141,22.56146
0.48139,15.70265,97.74566,124,141,22.73761
0.48167,14.62545,99.56692,124,141,22.25041
0.48194,12.29437,101.10728,124,141,22.70143
0.48222,9.76112,101.95178,127,143,22.57141
0.4825,8.68955,101.54288,127,143,22.57826
0.48278,8.8927,100.89378,127,143,22.82139
0.48306,10.24814,99.19012,127,143,22.35106
0.48333,12.64991,97.44001,127,143,22.60046
0.48361,14.71458,96.11858,127,143,22.66887
0.48389,15.56843,95.65216,127,143,22.41351
0.48417,15.58783,96.39976,127,143,22.5386
0.48444,14.31668,98.00842,127,145,22.64001
0.48472,12.16139,99.95887,127,145,22.45983
0.485,9.84428,101.77064,127,145,22.52318
0.48528,8.70519,102.31352,127,145,22.96101
0.48556,8.49452,102.20292,127,145,22.7968
0.48583,9.45668,101.13975,127,145,22.46578
0.48611,11.73278,99.12041,127,145,22.72947
0.48639,13.88504,97.29754,127,145,22.72766
0.48667,15.55492,95.73205,123,145,22.41625
0.48694,16.11326,94.99809,123,145,22.52107
0.48722,15.25008,95.32929,123,145,22.72975
0.4875,13.1684,96.82795,123,145,22.4212
0.48778,10.64063,98.91433,123,145,22.36714
0.48806,8.83002,100.8117,123,145,22.69827
0.48833,8.00698,102.34799,123,145,22.63318
0.48861,8.41189,102.93437,123,145,22.40248
0.48889,10.00253,102.3666,124,133,22.63139
0.48917,12.33562,100.90712,124,133,22.76288
0.48944,14.38019,98.94332,124,133,22.40573
0.48972,15.74386,96.86556,124,133,22.48966
0.49,15.90928,95.32551,124,133,22.79206
0.49028,14.4749,94.88252,124,133,22.48265
0.49056,12.17501,95.36946,124,133,22.45466
0.49083,9.76839,96.94696,124,133,22.81697
0.49111,8.06855,99.06519,132,142,22.30802
0.49139,7.67314,101.03911,132,142,22.53878
0.49167,8.79167,102.2415,132,142,22.66262
0.49194,10.96632,102.82528,132,142,22.30101
0.49222,13.2531,101.9654,132,142,22.80184
0.4925,15.1761,100.43484,132,142,22.44791
0.49278,15.88922,98.64754,132,142,22.50178
0.49306,15.12135,96.81212,132,142,22.88131
0.49333,13.50941,95.65653,123,142,22.40029
0.49361,11.2936,95.65991,123,142,22.76656
0.49389,9.35551,96.2321,123,142,22.59263
0.49417,8.52825,97.84011,123,142,22.41103
0.49444,8.77341,99.68336,123,142,22.79108
0.49472,10.13348,101.5089,123,142,22.33888
0.495,12.17227,102.41223,123,142,22.68129
0.49528,14.20713,102.45096,123,142,22.64321
0.49556,15.59752,101.49334,124,150,22.43364
0.49583,15.62706,99.67114,124,150,22.86998
0.49611,14.75936,97.7286,124,150,22.44924
0.49639,12.64331,96.11169,124,150,22.7171
0.49667,10.26227,95.20158,124,150,22.66942
0.49694,8.65147,95.25073,124,150,22.44019
0.49722,8.21528,96.36855,124,150,22.81641
0.4975,8.93138,98.11372,124,150,22.33178
0.49778,10.85826,99.96091,124,141,22.65661
0.49806,13.08108,101.5641,124,141,22.5581
0.49833,14.74005,102.18354,124,141,22.44451
0.49861,15.51199,101.62008,124,141,22.83357
0.49889,14.99883,100.26938,124,141,22.36197
0.49917,13.4255,98.54797,124,141,22.73695
0.49944,11.36994,96.92909,124,141,22.65773
0.49972,9.42156,95.63814,124,141,22.38382
0.5,8.57896,95.49623,131,137,22.86044
0.50028,8.59724,95.97199,131,137,22.38923
0.50056,9.99644,97.43856,131,137,22.55084
0.50083,12.17312,99.40124,131,137,22.83453
0.50111,14.05048,100.95139,131,137,22.35767
0.50139,15.21165,101.83595,131,137,22.74731
0.50167,15.19979,101.88886,131,137,22.72288
0.50194,13.84771,100.74004,131,137,22.30078
0.50222,11.77859,99.00917,121,142,22.74143
0.5025,9.90957,97.27559,121,142,22.6926
0.50278,8.82522,96.03342,121,142,22.36517
0.50306,8.60027,95.27985,121,142,22.85344
0.50333,9.82262,95.80208,121,142,22.62421
0.50361,11.80404,97.01688,121,142,22.41654
0.50389,13.94522,98.73456,121,142,22.91629
0.50417,15.66391,100.69065,121,142,22.46082
0.50444,16.2495,102.14472,119,141,22.61592
0.50472,15.24065,102.33343,119,141,22.74044
0.505,13.23427,101.73496,119,141,22.26088
0.50528,11.02745,100.37149,119,141,22.75924
0.50556,9.27082,98.54134,119,141,22.58425
0.50583,8.29243,96.71865,119,141,22.27822
0.50611,8.83013,95.63973,119,141,22.65136
0.50639,10.24997,95.14557,119,141,22.57773
0.50667,12.31129,95.85893,127,143,22.36988
0.50694,14.38265,97.51153,127,143,22.52109
0.50722,15.80668,99.45012,127,143,22.67144
0.5075,15.79287,101.13876,127,143,22.25191
0.50778,14.60022,102.16623,127,143,22.63048
0.50806,12.66085,102.15775,127,143,22.77586
0.50833,10.42619,101.03345,127,143,22.27563
0.50861,8.61921,99.38335,127,143,22.67728
0.50889,8.29627,97.59556,128,149,22.58296
0.50917,9.0644,95.94116,128,149,22.28142
0.50944,10.79751,95.14576,128,149,22.61571
0.50972,13.10062,95.49229,128,149,22.53856
0.51,15.05668,96.51558,128,149,22.24542
0.51028,15.77358,98.26826,128,149,22.73749
0.51056,15.34605,100.23483,128,149,22.52225
0.51083,13.74217,101.56806,128,149,22.33041
0.51111,11.43882,102.11101,128,145,22.8566
0.51139,9.35111,101.83231,128,145,22.46032
0.51167,8.37938,100.32691,128,145,22.59728
0.51194,8.69284,98.40461,128,145,22.85146
0.51222,10.07178,96.74334,128,145,22.31939
0.5125,11.65935,96.14191,128,145,22.64054
0.51278,13.85091,95.72767,128,145,22.71691
0.51306,14.98425,96.62504,128,145,22.40712
0.51333,15.01511,98.12816,128,140,22.91727
0.51361,14.38969,99.39324,128,140,22.54298
0.51389,12.21077,101.08597,128,140,22.45282
0.51417,9.91295,102.16642,128,140,22.82495
0.51444,8.45084,102.02139,128,140,22.36739
0.51472,8.333,100.8432,128,140,22.62412
0.515,9.32829,99.0525,128,140,22.76875
0.51528,11.48357,97.01079,128,140,22.26205
0.51556,13.77348,95.38032,126,138,22.64246
0.51583,15.14289,95.12192,126,138,22.5827
0.51611,15.62733,95.60872,126,138,22.2895
0.51639,14.54744,97.2083,126,138,22.79804
0.51667,12.51294,99.22981,126,138,22.42238
0.51694,10.36646,101.05556,126,138,22.52014
0.51722,8.75888,102.13646,126,138,22.81245
0.5175,8.30089,102.22044,126,138,22.28789
0.51778,9.26194,101.21429,122,139,22.56321
0.51806,11.27346,99.38249,122,139,22.72477
0.51833,13.73376,97.20842,122,139,22.32801
0.51861,15.46379,95.64204,122,139,22.66153
0.51889,16.0202,94.80638,122,139,22.7527
0.51917,15.1012,95.21197,122,139,22.26789
0.51944,12.80949,96.84824,122,139,22.60737
0.51972,10.44125,98.77522,122,139,22.70635
0.52,8.58027,100.68811,121,146,22.28676
0.52028,7.7272,102.20297,121,146,22.71248
0.52056,8.42697,102.55209,121,146,22.65624
0.52083,10.34588,101.75099,121,146,22.26863
0.52111,12.69336,100.20409,121,146,22.7759
0.52139,14.89065,98.08901,121,146,22.46675
0.52167,16.06983,96.14276,121,146,22.49035
0.52194,15.83435,95.05115,121,146,22.88859
0.52222,14.27568,94.92484,124,151,22.41406
0.5225,12.01949,95.73111,124,151,22.7771
0.52278,9.77642,97.48777,124,151,22.73978
0.52306,8.22349,99.47247,124,151,22.33501
0.52333,8.04583,101.16424,124,151,22.81027
0.52361,9.15505,102.03301,124,151,22.51494
0.52389,11.04536,102.28261,124,151,22.27455
0.52417,13.22368,101.23734,124,151,22.76099
0.52444,14.96329,99.54508,125,141,22.33519
0.52472,15.63042,97.65597,125,141,22.46264
0.525,15.07098,95.95114,125,141,22.89488
0.52528,13.50498,94.83298,125,141,22.40155
0.52556,11.26939,95.13599,125,141,22.72291
0.52583,9.42908,96.14858,125,141,22.69035
0.52611,8.44964,97.8698,125,141,22.20177
0.52639,8.83896,99.81457,125,141,22.67326
0.52667,10.39128,101.42601,126,132,22.50678
0.52694,12.41538,102.10397,126,132,22.37051
0.52722,14.51322,101.8456,126,132,22.8854
0.5275,15.85232,100.60245,126,132,22.45824
0.52778,15.48664,98.76865,126,132,22.55315
0.52806,14.13445,96.6371,126,132,22.83857
0.52833,12.03078,95.51775,126,132,22.32967
0.52861,9.67327,95.22733,126,132,22.70611
0.52889,8.50951,95.96658,130,145,22.751
0.52917,8.52477,97.72866,130,145,22.31763
0.52944,9.51492,99.53796,130,145,22.8143
0.52972,11.39882,101.01735,130,145,22.67709
0.53,13.54506,102.09406,130,145,22.41601
0.53028,15.02829,102.04382,130,145,22.95809
0.53056,15.4539,100.90031,130,145,22.68784
0.53083,14.9107,99.28699,130,145,22.5632
0.53111,13.11507,97.28,125,146,22.97189
0.53139,10.91599,95.53011,125,146,22.48341
0.53167,9.14483,94.63158,125,146,22.51638
0.53194,8.39508,94.95314,125,146,22.8386
0.53222,8.78498,96.05438,125,146,22.29073
0.5325,10.32685,97.77024,125,146,22.58765
0.53278,12.47835,99.61726,125,146,22.56774
0.53306,14.29024,101.00654,125,146,22.21243
0.53333,15.57776,101.63754,125,148,22.74598
0.53361,15.82208,101.52145,125,148,22.55658
0.53389,14.60161,100.22781,125,148,22.46459
0.53417,12.60362,98.34266,125,148,22.90149
0.53444,10.29464,96.32011,125,148,22.54294
0.53472,8.67148,94.91487,125,148,22.51331
0.535,8.07752,94.24473,125,148,22.85992
0.53528,9.0455,94.83372,125,148,22.32004
0.53556,10.94043,96.31058,116,133,22.58812
0.53583,13.1173,98.18242,116,133,22.7705
0.53611,15.125,100.21986,116,133,22.42336
0.53639,16.11301,101.64521,116,133,22.91878
0.53667,15.59367,101.87862,116,133,22.51725
0.53694,14.02922,101.31162,116,133,22.39039
0.53722,11.68466,99.61176,116,133,22.78512
0.5375,9.62573,97.47707,116,133,22.6353
0.53778,9.08669,96.5606,126,141,22.92292
0.53806,9.62525,96.18498,126,141,22.80623
0.53833,11.06838,96.11603,126,141,22.82056
0.53861,13.21798,97.11077,126,141,22.56296
0.53889,14.72117,97.98517,126,141,22.38282
0.53917,15.76577,99.33721,126,141,22.89561
0.53944,15.66332,100.84617,126,141,22.41584
0.53972,14.34242,101.69794,126,141,22.45634
0.54,12.26133,101.25476,126,147,22.86134
0.54028,9.92567,99.86975,126,147,22.44574
0.54056,8.32284,98.15317,126,147,22.52945
0.54083,8.23095,96.24227,126,147,22.93275
0.54111,9.36621,94.79703,126,147,22.34738
0.54139,11.42785,94.47326,126,147,22.5676
0.54167,13.83262,95.23914,126,147,22.88891
0.54194,15.6899,96.63861,126,147,22.33594
0.54222,16.2089,98.75841,124,146,22.71838
0.5425,15.50057,100.78533,124,146,22.74267
0.54278,13.79633,101.95136,124,146,22.26568
0.54306,12.14314,101.81323,124,146,22.72791
0.54333,10.04125,101.02308,124,146,22.49351
0.54361,9.10423,99.11333,124,146,22.27533
0.54389,9.34454,96.89827,124,146,22.68978
0.54417,9.97268,95.51817,124,146,22.25095
0.54444,12.09014,94.82664,126,151,22.60899
0.54472,14.3093,94.9714,126,151,22.71436
0.545,15.45952,96.59464,126,151,22.37068
0.54528,15.59526,98.72985,126,151,22.90473
0.54556,14.46522,100.60997,126,151,22.52453
0.54583,12.21796,102.1673,126,151,22.43448
0.54611,9.96951,102.70917,126,151,22.75773
0.54639,8.47076,102.00652,126,151,22.38793
0.54667,8.04918,100.52943,131,153,22.81845
0.54694,9.06927,98.42907,131,153,22.73369
0.54722,11.36774,96.29698,131,153,22.49464
0.5475,13.92891,94.79005,131,153,22.86809
0.54778,16.0901,94.26028,131,153,22.35803
0.54806,16.88755,95.08935,131,153,22.58483
0.54833,15.88698,96.97186,131,153,22.83636
0.54861,13.60493,99.24895,131,153,22.27252
0.54889,10.86416,101.53272,128,141,22.4765
0.54917,8.82358,102.51016,128,141,22.62368
0.54944,7.7193,102.5913,128,141,22.29504
0.54972,8.05189,101.68394,128,141,22.8606
0.55,9.78393,99.82792,128,141,22.69289
0.55028,12.11489,97.57578,128,141,22.53282
0.55056,14.39542,95.89244,128,141,22.93301
0.55083,16.02385,94.65159,128,141,22.3719
0.55111,16.03325,94.87082,132,142,22.54132
0.55139,14.61863,96.28443,132,142,22.76433
0.55167,12.44586,98.20645,132,142,22.32526
0.55194,10.1065,100.2135,132,142,22.60885
0.55222,8.41348,101.80713,132,142,22.72712
0.5525,8.00954,102.33715,132,142,22.26195
0.55278,8.99542,101.83473,132,142,22.70248
0.55306,10.86356,100.59783,132,142,22.7124
0.55333,13.22829,98.67556,127,149,22.52254
0.55361,15.23125,96.77896,127,149,23.00881
0.55389,16.06852,95.45158,127,149,22.73347
0.55417,15.57344,95.04828,127,149,22.59361
0.55444,13.75853,95.40402,127,149,22.9549
0.55472,11.58505,96.91932,127,149,22.46016
0.555,9.46467,98.80244,127,149,22.56352
0.55528,8.26308,100.51032,127,149,22.92252
0.55556,8.46703,101.75365,127,147,22.43356
0.55583,9.5123,102.32529,127,147,22.69063
0.55611,11.60976,101.52618,127,147,22.92976
0.55639,14.00237,100.03903,127,147,22.48078
0.55667,15.51897,98.30315,127,147,22.66171
0.55694,16.00761,96.5992,127,147,22.91514
0.55722,15.18183,95.28964,127,147,22.45987
0.5575,13.10005,95.39537,127,147,22.61359
0.55778,10.77562,96.02906,127,150,22.81066
0.55806,8.90529,97.41723,127,150,22.25486
0.55833,8.2158,99.3393,127,150,22.56782
0.55861,8.49413,101.11865,127,150,22.78129
0.55889,10.13019,102.028,127,150,22.34009
0.55917,12.37746,102.30225,127,150,22.80952
0.55944,14.42021,101.55325,127,150,22.65533
0.55972,15.86737,99.67841,127,150,22.33956
0.56,16.086,97.74107,124,147,22.89049
0.56028,14.72359,96.1051,124,147,22.51986
0.56056,12.26622,94.90705,124,147,22.54923
0.56083,9.71223,94.9624,124,147,22.86995
0.56111,7.86726,95.97684,124,147,22.33906
0.56139,7.22047,97.65015,124,147,22.66243
0.56167,8.43977,99.74112,124,147,22.72851
0.56194,10.57333,101.53626,124,147,22.29548
0.56222,12.91825,102.46403,129,158,22.76149
0.5625,14.91802,102.24886,129,158,22.69335
0.56278,16.11171,101.18786,129,158,22.37942
0.56306,15.73477,99.15807,129,158,22.90988
0.56333,14.33893,96.8729,129,158,22.69829
0.56361,12.24048,95.25148,129,158,22.51144
0.56389,9.98756,94.4544,129,158,23.00843
0.56417,8.26117,94.57348,129,158,22.5946
0.56444,7.84834,95.7682,121,141,22.53212
0.56472,8.53981,97.57516,121,141,22.87026
0.565,10.53501,99.57925,121,141,22.33789
0.56528,13.05633,101.36302,121,141,22.68404
0.56556,15.54985,103.00723,121,141,22.82204
0.56583,16.65115,102.89363,121,141,22.39606
0.56611,16.34104,101.7599,121,141,22.88686
0.56639,14.8571,100.05447,121,141,22.47392
0.56667,12.41442,97.85231,122,144,22.20106
0.56694,10.10859,96.00267,122,144,22.63863
0.56722,9.00279,95.49068,122,144,22.52887
0.5675,8.55645,95.48801,122,144,22.46932
0.56778,9.52801,96.57031,122,144,22.73463
0.56806,11.46208,98.32416,122,144,22.79129
0.56833,13.65821,100.2392,122,144,22.49627
0.56861,15.32457,101.677,122,144,22.62571
0.56889,16.06679,102.45338,125,144,22.82153
0.56917,15.48877,102.12839,125,144,22.41395
0.56944,13.51368,100.59247,125,144,22.38145
0.56972,11.12214,98.63077,125,144,22.81469
0.57,9.10067,96.68368,125,144,22.50143
0.57028,8.00497,95.22144,125,144,22.43559
0.57056,8.25407,94.83903,125,144,22.87716
0.57083,9.92691,95.67198,125,144,22.80329
0.57111,12.5727,97.54193,126,142,22.60787
0.57139,14.63545,99.51896,126,142,22.73917
0.57167,16.04095,101.392,126,142,22.65927
0.57194,16.13079,102.46373,126,142,22.20627
0.57222,14.40898,102.22533,126,142,22.42576
0.5725,12.33475,101.44475,126,142,22.7636
0.57278,9.71227,99.3111,126,142,22.55779
0.57306,7.97639,97.2363,126,142,22.61699
0.57333,7.64892,95.6505,133,140,22.91671
0.57361,8.62357,94.70477,133,140,22.80517
0.57389,10.93979,95.1082,133,140,22.55255
0.57417,13.34515,96.44657,133,140,22.91568
0.57444,15.18356,98.31217,133,140,22.70842
0.57472,15.75476,100.17507,133,140,22.46235
0.575,14.84228,101.60072,133,140,22.96608
0.57528,12.88193,102.14221,133,140,22.57962
0.57556,10.44044,101.27483,121,150,22.63118
0.57583,8.51021,99.7447,121,150,22.80437
0.57611,7.8967,97.91355,121,150,22.32889
0.57639,8.82624,96.15756,121,150,22.79749
0.57667,10.74992,95.06908,121,150,22.60488
0.57694,13.30721,95.21715,121,150,22.38777
0.57722,15.47705,96.24195,121,150,22.82333
0.5775,16.32905,98.03949,121,150,22.32255
0.57778,15.88941,99.92038,125,138,22.54586
0.57806,14.04664,101.56895,125,138,22.75367
0.57833,11.74161,102.13796,125,138,22.31863
0.57861,9.37505,102.15557,125,138,22.82954
0.57889,7.99678,100.97785,125,138,22.51681
0.57917,8.13324,99.11795,125,138,22.53317
0.57944,9.29104,97.12772,125,138,22.79201
0.57972,11.42974,95.78966,125,138,22.47093
0.58,13.97555,95.1251,117,144,22.85682
0.58028,15.61381,95.52898,117,144,22.58574
0.58056,16.03334,97.0828,117,144,22.77419
0.58083,15.46341,98.67785,117,144,22.67971
0.58111,13.28759,100.50548,117,144,22.46817
0.58139,10.66,102.11689,117,144,22.86732
0.58167,8.84258,102.37854,117,144,22.37664
0.58194,8.00148,101.65448,117,144,22.68666
0.58222,8.35342,100.19865,126,133,22.79176
0.5825,10.47004,98.06381,126,133,22.40785
0.58278,12.86619,96.14677,126,133,22.91391
0.58306,14.87804,95.11688,126,133,22.55854
0.58333,15.99704,95.22674,126,133,22.49295
0.58361,15.34615,96.45828,126,133,22.8105
0.58389,13.51415,98.43784,126,133,22.45427
0.58417,11.03053,100.52763,126,133,22.94877
0.58444,9.06245,101.90113,125,143,22.77862
0.58472,8.25942,102.25089,125,143,22.66865
0.585,8.72618,101.61207,125,143,22.88888
0.58528,10.54469,99.88171,125,143,22.3505
0.58556,12.99204,97.73683,125,143,22.58844
0.58583,14.98906,95.99493,125,143,22.47586
0.58611,15.72287,95.26041,125,143,22.26894
0.58639,15.22784,95.32973,125,143,22.82105
0.58667,13.4329,96.71868,123,143,22.55302
0.58694,10.78295,98.91392,123,143,22.61787
0.58722,8.83787,100.82813,123,143,22.87266
0.5875,7.94787,102.31427,123,143,22.32859
0.58778,8.1305,102.8921,123,143,22.68347
0.58806,9.9461,101.93822,123,143,22.7809
0.58833,12.52375,100.16377,123,143,22.40122
0.58861,14.65999,98.16353,123,143,22.88836
0.58889,16.07306,96.29799,113,132,22.50089
0.58917,16.68281,94.88928,113,132,22.47568
0.58944,14.98331,95.14519,113,132,22.77905
0.58972,12.63062,96.06542,113,132,22.35015
0.59,10.38244,97.58056,113,132,22.80593
0.59028,8.40361,99.65655,113,132,22.61285
0.59056,7.93708,101.11954,113,132,22.37248
0.59083,9.09894,101.70458,113,132,22.82976
0.59111,11.21496,101.64045,124,141,22.40342
0.59139,13.17711,100.77393,124,141,22.70573
0.59167,14.68155,99.00672,124,141,22.77929
0.59194,15.6318,96.93198,124,141,22.50197
0.59222,14.65502,95.68964,124,141,22.85729
0.5925,13.15032,94.50166,124,141,22.48151
0.59278,11.5716,94.69138,124,141,22.80577
0.59306,9.38007,95.96677,124,141,22.68213
0.59333,8.57805,97.46554,117,148,22.55667
0.59361,8.81186,99.35346,117,148,22.8591
0.59389,9.76889,101.21903,117,148,22.45664
0.59417,11.84439,102.04126,117,148,22.78392
0.59444,13.75596,102.06944,117,148,22.47468
0.59472,15.53737,100.99899,117,148,22.52896
0.595,15.92227,99.16431,117,148,22.70588
0.59528,15.32855,97.09476,117,148,22.39155
0.59556,13.80384,95.39666,126,153,22.94084
0.59583,11.43725,94.70583,126,153,22.68587
0.59611,9.3279,95.06641,126,153,22.60525
0.59639,8.32781,96.4082,126,153,22.9407
0.59667,8.15676,98.1552,126,153,22.43361
0.59694,9.52137,100.12668,126,153,22.78105
0.59722,11.78159,101.36975,126,153,22.63663
0.5975,13.93481,102.08801,126,153,22.49768
0.59778,15.33046,101.59351,126,145,22.84108
0.59806,15.77369,100.07877,126,145,22.35967
0.59833,14.8141,98.14308,126,145,22.74917
0.59861,12.97515,96.15525,126,145,22.64309
0.59889,10.66441,94.59798,126,145,22.42371
0.59917,8.65494,94.2404,126,145,22.88439
0.59944,7.50995,94.80409,126,145,22.45005
0.59972,7.91041,96.38304,126,145,22.68295
0.6,9.62949,98.40094,128,141,22.58969
0.60028,11.9719,100.00597,128,141,22.45681
0.60056,14.06549,100.83931,128,141,22.86491
0.60083,14.82931,100.63327,128,141,22.42106
0.60111,14.72018,99.62221,128,141,22.72653
0.60139,13.79728,98.39402,128,141,22.80094
0.60167,11.91474,96.59358,128,141,22.38752
0.60194,10.6516,95.68776,128,141,22.83822
0.60222,9.24706,95.13138,123,139,22.69624
0.6025,8.80411,95.39135,123,139,22.51683
0.60278,9.94659,96.82229,123,139,22.99374
0.60306,11.39229,98.37191,123,139,22.69567
0.60333,13.42055,100.03914,123,139,22.94746
0.60361,15.21322,101.61109,123,139,22.75379
0.60389,15.72127,102.01637,123,139,22.69168
0.60417,15.35036,101.77868,123,139,22.83563
0.60444,13.98737,100.73263,123,139,22.41422
0.60472,11.90232,98.88425,123,139,22.86554
0.605,9.81142,96.99578,123,139,22.48319
0.60528,8.58298,95.59035,123,139,22.52336
0.60556,8.30851,94.94241,123,139,22.68493
0.60583,9.05483,95.14489,123,139,22.36242
0.60611,10.72466,96.31438,123,139,22.72813
0.60639,12.84056,98.08685,123,139,22.41397
0.60667,14.46044,99.85188,133,129,22.61906
0.60694,15.32071,101.21713,133,129,22.64805
0.60722,15.18947,102.04265,133,129,22.41025
0.6075,13.68827,101.39498,133,129,22.8673
0.60778,11.63669,100.27192,133,129,22.4663
0.60806,10.06468,98.81701,133,129,22.7067
0.60833,8.78996,97.12488,133,129,22.5533
0.60861,8.25391,95.47626,133,129,22.4444
0.60889,9.45157,95.16575,121,133,22.70068
0.60917,10.95953,95.48766,121,133,22.27505
0.60944,13.0767,96.6261,121,133,22.79589
0.60972,15.1988,98.71739,121,133,22.5439
0.61,15.90309,100.61159,121,133,22.47061
0.61028,15.26025,101.70303,121,133,22.92578
0.61056,13.83101,102.48634,121,133,22.39351
0.61083,11.57993,101.97825,121,133,22.71961
0.61111,9.7478,100.64868,123,139,22.55702
0.61139,8.35942,98.80845,123,139,22.44661
0.61167,8.40804,96.82355,123,139,22.88952
0.61194,9.56208,95.27302,123,139,22.47398
0.61222,11.17383,94.41956,123,139,22.90502
0.6125,13.56921,94.94727,123,139,22.75197
0.61278,15.47976,96.34909,123,139,22.45783
0.61306,15.92998,98.2345,123,139,22.85419
0.61333,16.01803,100.2684,124,146,22.37238
0.61361,14.38197,101.4109,124,146,22.59294
0.61389,12.22599,101.89232,124,146,22.61832
0.61417,10.55628,101.6267,124,146,22.47418
0.61444,8.87557,100.7223,124,146,22.8878
0.61472,8.06993,99.34419,124,146,22.50344
0.615,9.06111,97.13898,124,146,22.80658
0.61528,10.38608,95.63191,124,146,22.66266
0.61556,12.57039,94.57352,127,149,22.54166
0.61583,14.73682,94.63975,127,149,22.8626
0.61611,15.98933,96.05213,127,149,22.4037
0.61639,16.37959,97.65358,127,149,22.76125
0.61667,15.2399,99.64565,127,149,22.49815
0.61694,12.56645,101.8447,127,149,22.5144
0.61722,9.96868,102.93049,127,149,22.75735
0.6175,7.61639,102.8784,127,149,22.38755
0.61778,6.93809,101.58274,127,154,22.87569
0.61806,7.89517,99.3295,127,154,22.55462
0.61833,9.67839,97.22841,127,154,22.63963
0.61861,11.72626,96.24038,127,154,22.89389
0.61889,13.92979,95.28902,127,154,22.3842
0.61917,15.53616,95.33827,127,154,22.75235
0.61944,16.09097,95.82795,127,154,22.4284
0.61972,15.55589,97.30892,127,154,22.40564
0.62,13.7613,99.31611,123,150,22.83436
0.62028,12.07875,100.46674,123,150,22.42332
0.62056,10.41171,101.1626,123,150,22.85997
0.62083,9.05038,101.35337,123,150,22.74114
0.62111,8.77628,100.62271,123,150,22.45191
0.62139,9.69935,99.47511,123,150,22.84278
0.62167,11.25228,97.98772,123,150,22.40869
0.62194,13.42121,96.09068,123,150,22.66362
0.62222,15.2285,94.82128,124,141,22.6962
0.6225,15.93633,94.6902,124,141,22.44448
0.62278,15.10829,95.69612,124,141,22.8981
0.62306,13.73265,97.20503,124,141,22.43428
0.62333,11.64084,98.96729,124,141,22.60712
0.62361,10.08005,100.38196,124,141,22.76367
0.62389,9.59325,100.92694,124,141,22.39639
0.62417,9.75918,100.81326,124,141,22.88345
0.62444,10.47108,100.51016,127,136,22.60561
0.62472,11.84696,99.33331,127,136,22.622
0.625,13.16456,98.04824,127,136,22.65937
0.62528,14.89795,96.3619,127,136,22.46246
0.62556,15.98069,95.14976,127,136,22.67973
0.62583,16.21277,94.29582,127,136,22.46849
0.62611,14.95471,95.07414,127,136,22.83064
0.62639,12.972,96.5563,127,136,22.88274
0.62667,11.10381,98.1959,126,144,22.70101
0.62694,10.02234,99.80189,126,144,22.8123
0.62722,9.48562,101.32966,126,144,22.78689
0.6275,10.34568,101.68196,126,144,22.46568
0.62778,11.63317,101.18173,126,144,22.79667
0.62806,13.06927,100.59455,126,144,22.61903
0.62833,14.78371,98.72061,126,144,22.51727
0.62861,15.88291,96.75005,126,144,22.75754
0.62889,16.26543,95.45073,123,151,22.40406
0.62917,15.33656,94.71715,123,151,22.81597
0.62944,13.3786,95.19255,123,151,22.47
0.62972,11.00571,96.94102,123,151,22.66211
0.63,8.76784,99.11402,123,151,22.80143
0.63028,7.77532,100.70172,123,151,22.4578
0.63056,8.35565,102.11301,123,151,22.89162
0.63083,9.72241,102.47081,123,151,22.48318
0.63111,12.39013,101.23646,124,157,22.71661
0.63139,14.74485,99.81911,124,157,22.72532
0.63167,15.74195,97.7474,124,157,22.57593
0.63194,15.935,95.97134,124,157,22.84422
0.63222,13.94022,95.15318,124,157,22.43453
0.6325,11.34344,95.84205,124,157,22.83487
0.63278,9.07584,96.91864,124,157,22.71661
0.63306,7.8303,98.77125,124,157,22.56211
0.63333,7.94661,100.87619,113,147,22.93836
0.63361,9.24432,101.89108,113,147,22.42593
0.63389,11.47893,102.22601,113,147,22.71608
0.63417,13.7726,101.73652,113,147,22.75859
0.63444,15.27438,100.07622,113,147,22.4405
0.63472,15.82535,98.16928,113,147,22.89111
0.635,14.95772,95.97775,113,147,22.43608
0.63528,12.68056,94.66071,113,147,22.57991
0.63556,9.90311,94.12879,131,139,22.82115
0.63583,8.21735,94.76674,131,139,22.45501
0.63611,7.39236,96.55448,131,139,22.88214
0.63639,7.98488,98.73904,131,139,22.57088
0.63667,10.17272,100.51338,131,139,22.66892
0.63694,12.18243,101.9575,131,139,22.75262
0.63722,14.14366,102.2938,131,139,22.43493
0.6375,15.49596,101.18941,131,139,22.87672
0.63778,15.63814,99.53413,130,138,22.42114
0.63806,14.46187,97.63818,130,138,22.49393
0.63833,12.55872,95.67267,130,138,22.75451
0.63861,9.72075,94.83561,130,138,22.34069
0.63889,7.87312,94.95194,130,138,22.76252
0.63917,6.84839,95.5483,130,138,22.51892
0.63944,7.41381,97.24458,130,138,22.51874
0.63972,10.08855,99.60279,130,138,22.71557
0.64,12.36884,101.0966,126,143,22.34354
0.64028,14.58416,102.32373,126,143,22.84598
0.64056,15.77676,102.30512,126,143,22.65718
0.64083,15.33751,100.96253,126,143,22.5786
0.64111,14.57693,99.56795,126,143,22.99835
0.64139,12.41577,97.40363,126,143,22.51766
0.64167,10.50977,95.95695,126,143,22.66144
0.64194,8.59576,94.9606,126,143,22.63798
0.64222,7.50865,94.86495,127,143,22.31249
0.6425,8.30965,96.06589,127,143,22.71954
0.64278,9.90001,97.71652,127,143,22.37227
0.64306,12.17411,99.54934,127,143,22.5965
0.64333,14.55569,101.44943,127,143,22.71699
0.64361,15.32783,101.80959,127,143,22.3426
0.64389,15.04053,101.41155,127,143,22.84908
0.64417,13.46824,99.97977,127,143,22.58417
0.64444,10.96797,97.84212,127,146,22.53547
0.64472,9.01872,96.12309,127,146,22.84172
0.645,7.76985,94.80712,127,146,22.43309
0.64528,8.17855,94.6973,127,146,22.78457
0.64556,9.70896,95.69347,127,146,22.61578
0.64583,11.94784,97.40633,127,146,22.38713
0.64611,14.43564,99.57249,127,146,22.78708
0.64639,15.55812,101.09596,127,146,22.34094
0.64667,15.83831,102.26824,129,138,22.54003
0.64694,15.05475,102.43981,129,138,22.78755
0.64722,13.24429,101.57268,129,138,22.4059
0.6475,11.34178,100.11414,129,138,22.87034
0.64778,9.84288,98.27891,129,138,22.66246
0.64806,8.51718,96.29886,129,138,22.60348
0.64833,9.17957,95.67009,129,138,22.77615
0.64861,10.26594,95.44321,129,138,22.29639
0.64889,11.72068,95.73249,134,139,22.75897
0.64917,13.8242,97.42782,134,139,22.46846
0.64944,15.126,99.23062,134,139,22.55991
0.64972,15.68769,100.87202,134,139,22.85841
0.65,15.49553,102.18608,134,139,22.34109
0.65028,14.5883,102.80402,134,139,22.71153
0.65056,12.50598,101.80885,134,139,22.86654
0.65083,10.59371,100.25801,134,139,22.66958
0.65111,9.33481,98.34128,118,151,22.61805
0.65139,8.63409,96.07465,118,151,22.51972
0.65167,9.4912,94.74695,118,151,22.56691
0.65194,11.25853,94.72907,118,151,22.69962
0.65222,13.34476,95.29833,118,151,22.70853
0.6525,15.24984,97.23209,118,151,22.75499
0.65278,16.39559,98.95087,118,151,22.72145
0.65306,15.8212,100.02506,118,151,22.60457
0.65333,14.38132,100.87251,126,153,22.72718
0.65361,12.17193,100.74783,126,153,22.89821
0.65389,9.86651,99.94476,126,153,22.55965
0.65417,8.9793,98.6021,126,153,22.624
0.65444,8.68806,96.8673,126,153,22.98683
0.65472,9.29159,95.4244,126,153,22.5039
0.655,11.01127,94.23171,126,153,22.79074
0.65528,12.84232,94.53765,126,153,22.63193
0.65556,14.56127,95.41219,124,140,22.44604
0.65583,15.85545,96.79973,124,140,22.69732
0.65611,15.50947,98.81819,124,140,22.26253
0.65639,14.2554,100.56811,124,140,22.68993
0.65667,12.40379,101.49182,124,140,22.48984
0.65694,10.21925,101.60925,124,140,22.43665
0.65722,8.90933,100.72088,124,140,22.90451
0.6575,8.62865,99.16241,124,140,22.43856
0.65778,9.07883,97.10669,124,142,22.46192
0.65806,10.73307,95.48977,124,142,22.77485
0.65833,12.42759,94.46652,124,142,22.36939
0.65861,14.45206,93.66474,124,142,22.42251
0.65889,15.87851,94.29558,124,142,22.87717
0.65917,16.34835,95.62975,124,142,22.43124
0.65944,15.39122,97.4633,124,142,22.54641
0.65972,13.36087,99.60765,124,142,22.84458
0.66,10.89894,101.15952,124,158,22.32844
0.66028,9.11886,101.41898,124,158,22.72223
0.66056,8.26697,100.93541,124,158,22.57462
0.66083,8.66173,99.51987,124,158,22.49805
0.66111,10.13977,97.76006,124,158,22.7981
0.66139,12.1208,95.92471,124,158,22.56101
0.66167,13.95036,94.8029,124,158,22.86064
0.66194,15.4841,94.11586,124,158,22.55214
0.66222,15.73419,94.80236,126,146,22.73718
0.6625,15.22545,95.91428,126,146,22.61639
0.66278,13.73144,97.79408,126,146,22.38519
0.66306,11.85698,99.71738,126,146,22.83921
0.66333,10.28181,100.92754,126,146,22.32756
0.66361,8.98497,101.77589,126,146,22.64476
0.66389,9.09697,101.4054,126,146,22.64759
0.66417,10.03166,100.32343,126,146,22.49816
0.66444,11.77848,98.75532,132,147,22.85044
0.66472,13.94482,96.89499,132,147,22.45242
0.665,15.30885,95.75632,132,147,22.78847
0.66528,15.71934,95.42094,132,147,22.62523
0.66556,15.03449,95.92883,132,147,22.50921
0.66583,13.20424,97.39747,132,147,22.93624
0.66611,11.09522,99.10529,132,147,22.4022
0.66639,9.22954,100.73035,132,147,22.71214
0.66667,7.96133,102.15668,124,142,22.68459
0.66694,8.02543,102.59232,124,142,22.50326
0.66722,9.66485,101.80095,124,142,22.9192
0.6675,11.91091,100.26057,124,142,22.44691
0.66778,14.16733,98.25683,124,142,22.71647
0.66806,15.84316,96.29446,124,142,22.56191
0.66833,16.037,95.11342,124,142,22.37283
0.66861,14.93151,95.30844,124,142,22.86328
0.66889,13.1794,95.94081,127,150,22.38827
0.66917,10.85769,97.70437,127,150,22.65459
0.66944,8.93922,99.79457,127,150,22.77179
0.66972,7.92811,101.72073,127,150,22.38826
0.67,8.63777,102.33791,127,150,22.88957
0.67028,9.87023,102.86151,127,150,22.55032
0.67056,11.96391,101.7959,127,150,22.54016
0.67083,14.07716,99.82242,127,150,22.78094
0.67111,15.22169,98.22804,127,154,22.3534
0.67139,15.65683,96.34282,127,154,22.84492
0.67167,14.94605,95.1282,127,154,22.65716
0.67194,13.2201,95.17744,127,154,22.60865
0.67222,11.06757,96.18124,127,154,22.88435
0.6725,9.14439,97.63529,127,154,22.48225
0.67278,8.29477,99.55157,127,154,22.85793
0.67306,8.21674,101.34172,127,154,22.59341
0.67333,8.95405,102.50395,122,142,22.57711
0.67361,10.69438,102.82209,122,142,22.77674
0.67389,12.89714,102.15912,122,142,22.39924
0.67417,14.38416,100.51702,122,142,22.79411
0.67444,15.58848,98.20084,122,142,22.47037
0.67472,15.06436,96.43896,122,142,22.61399
0.675,13.21861,95.33493,122,142,22.54929
0.67528,11.09972,95.05484,122,142,22.56001
0.67556,9.21281,96.13516,123,145,22.70558
0.67583,8.04278,97.69234,123,145,22.53016
0.67611,8.31019,99.74391,123,145,22.92049
0.67639,9.89151,101.6907,123,145,22.50295
0.67667,11.99941,102.9871,123,145,22.80489
0.67694,14.02523,102.86194,123,145,22.7678
0.67722,15.6674,101.80211,123,145,22.33828
0.6775,15.62185,99.80788,123,145,22.85172
0.67778,14.63063,97.59929,121,134,22.49006
0.67806,12.84011,95.95023,121,134,22.56598
0.67833,10.51483,95.28694,121,134,22.88441
0.67861,8.75107,95.38619,121,134,22.36128
0.67889,8.04239,96.48288,121,134,22.73444
0.67917,8.58199,98.27101,121,134,22.6172
0.67944,10.39074,100.2164,121,134,22.37321
0.67972,12.50538,101.51733,121,134,22.88588
0.68,14.63245,102.29266,124,142,22.44299
0.68028,15.72979,101.8775,124,142,22.53648
0.68056,15.72288,100.81485,124,142,22.86419
0.68083,14.59567,99.08511,124,142,22.39616
0.68111,12.58133,97.41283,124,142,22.86016
0.68139,10.23579,95.86086,124,142,22.58847
0.68167,8.62905,95.33695,124,142,22.50099
0.68194,8.22769,95.94018,124,142,22.83012
0.68222,8.99441,97.22384,126,129,22.40306
0.6825,10.95231,99.11076,126,129,22.89836
0.68278,13.11013,100.91226,126,129,22.56494
0.68306,14.8813,102.01797,126,129,22.6183
0.68333,15.85544,102.34388,126,129,22.69867
0.68361,15.74595,101.87978,126,129,22.48273
0.68389,14.33602,100.41381,126,129,22.69371
0.68417,12.27875,98.61544,126,129,22.41538
0.68444,10.28348,96.93717,125,149,22.70713
0.68472,8.77587,95.65475,125,149,22.43643
0.685,7.75739,94.70597,125,149,22.64523
0.68528,8.32826,95.12121,125,149,22.69213
0.68556,9.63367,96.00098,125,149,22.4419
0.68583,11.8298,97.82641,125,149,22.74926
0.68611,14.15975,99.92754,125,149,22.44934
0.68639,15.86492,101.70512,125,149,22.61337
0.68667,16.165,102.53005,126,135,22.52844
0.68694,15.39953,102.52966,126,135,22.6142
0.68722,13.67806,101.51237,126,135,22.48402
0.6875,11.51687,100.00774,126,135,22.61614
0.68778,9.4228,98.17518,126,135,22.63127
0.68806,7.99489,96.17422,126,135,22.43805
0.68833,7.56241,94.88118,126,135,22.86856
0.68861,8.41984,94.56126,126,135,22.37825
0.68889,10.40712,95.21207,125,143,22.71792
0.68917,12.7647,96.71832,125,143,22.55777
0.68944,14.70563,98.59374,125,143,22.52985
0.68972,16.11404,100.7261,125,143,22.72945
0.69,15.8567,101.90839,125,143,22.45001
0.69028,15.08088,102.85721,125,143,22.77907
0.69056,13.38263,102.7936,125,143,22.3756
0.69083,11.28039,101.38667,125,143,22.6423
0.69111,9.38732,99.64307,122,140,22.66841
0.69139,8.42035,97.70807,122,140,22.36646
0.69167,8.63211,96.00601,122,140,22.89225
0.69194,9.93557,95.10053,122,140,22.48967
0.69222,11.9961,95.29691,122,140,22.76522
0.6925,13.78368,96.20017,122,140,22.82078
0.69278,14.8737,97.90185,122,140,22.43035
0.69306,15.07161,99.82947,122,140,22.85297
0.69333,14.19691,101.63148,130,151,22.41037
0.69361,12.58795,102.23398,130,151,22.50139
0.69389,10.44106,102.08295,130,151,22.82476
0.69417,8.80005,100.86873,130,151,22.32552
0.69444,8.17143,99.04564,130,151,22.65277
0.69472,8.60587,97.25227,130,151,22.62365
0.695,10.45981,95.98529,130,151,22.32777
0.69528,12.69484,95.20952,130,151,22.82515
0.69556,14.61461,95.79102,123,141,22.49803
0.69583,15.75701,97.02271,123,141,22.63163
0.69611,15.6653,98.78397,123,141,22.77273
0.69639,14.31559,100.62998,123,141,22.3818
0.69667,12.25794,102.0461,123,141,22.84692
0.69694,10.27025,102.43015,123,141,22.5103
0.69722,8.82162,101.85986,123,141,22.62041
0.6975,8.19228,100.35588,123,141,22.73031
0.69778,9.19172,98.24662,127,137,22.50146
0.69806,10.92139,96.34378,127,137,22.91932
0.69833,13.07654,95.18371,127,137,22.56532
0.69861,15.0445,94.93611,127,137,22.82437
0.69889,16.24515,95.40923,127,137,22.70613
0.69917,16.13873,96.82343,127,137,22.45914
0.69944,14.912,98.66836,127,137,22.89918
0.69972,12.91563,100.29363,127,137,22.47307
0.7,10.46475,101.81872,124,137,22.81654